<?xml version="1.0" encoding="UTF-8"?>
<view>
    <columns>
        <group name="planConfigurator" title="planConfigurator" icon="fas fa-donate" numcolumns="12" valign="center">

            <column name="name" display="none" order="0">
                <widget type="text" fieldname="name" readonly="true" required="true" />
            </column>
            
            <column name="max-user-limit" numcolumns="2" order="10">
                <widget type="number" fieldname="userLimitVisualFactura" />
            </column>

            <column name="select-plan-size" numcolumns="2" order="20">
                <widget type="select" fieldname="planSizeVisualFactura">
                    <values title="1 Gb">1</values>
                    <values title="2 Gb">2</values>
                </widget>
            </column>
			
            <column name="check-services" order="30" numcolumns="12">
                <widget type="checkbox" fieldname="checkServicesVisualFactura"/>
            </column>

        </group>
    </columns>
</view>