<?xml version="1.0" encoding="UTF-8"?>
<!--
    Document   : comisionespenalizaciones.xml
    Author     : Jose Antonio Cuello Principal <yopli2000@gmail.com>
    Description: Structure for commissions penalties model.
-->
<table>
    <column>
        <name>id</name>
        <type>serial</type>
        <null>NO</null>
    </column>
    <column>
        <name>codagente</name>
        <type>character varying(10)</type>
    </column>
    <column>
        <name>idempresa</name>
        <type>integer</type>
    </column>
    <column>
        <name>dto_desde</name>
        <type>double precision</type>
        <default>0</default>
    </column>
    <column>
        <name>penalizacion</name>
        <type>double precision</type>
        <default>0</default>
    </column>
    <column>
        <name>dto_hasta</name>
        <type>double precision</type>
        <default>0</default>
    </column>
    <constraint>
        <name>comisionespenalizaciones_pkey</name>
        <type>PRIMARY KEY (id)</type>
    </constraint>
    <constraint>
        <name>ca_comisionespenalizaciones_agents</name>
        <type>FOREIGN KEY (codagente) REFERENCES agentes (codagente) ON DELETE CASCADE ON UPDATE CASCADE</type>
    </constraint>
    <constraint>
        <name>ca_comisionespenalizaciones_empresas</name>
        <type>FOREIGN KEY (idempresa) REFERENCES empresas (idempresa) ON DELETE SET NULL ON UPDATE CASCADE</type>
    </constraint>
</table>
