<?xml version="1.0" encoding="UTF-8"?>
<!--
    Document   : liquidacionescomisiones.xml
    Author     : Jose Antonio Cuello Principal <yopli2000@gmail.com>
    Description: Estructura para la tabla de liquidaciones de comisiones.
-->
<table>
    <column>
        <name>codagente</name>
        <type>character varying(10)</type>
        <null>NO</null>
    </column>
    <column>
        <name>codserie</name>
        <type>character varying(4)</type>
        <null>NO</null>
    </column>
    <column>
        <name>fecha</name>
        <type>date</type>
        <null>NO</null>
    </column>
    <column>
        <name>idempresa</name>
        <type>integer</type>
        <null>NO</null>
    </column>
    <column>
        <name>idfactura</name>
        <type>integer</type>
    </column>
    <column>
        <name>idliquidacion</name>
        <type>serial</type>
        <null>NO</null>
    </column>
    <column>
        <name>observaciones</name>
        <type>text</type>
    </column>
    <column>
        <name>total</name>
        <type>double precision</type>
        <default>0</default>
    </column>
    <constraint>
        <name>liquidacionescomisiones_pkey</name>
        <type>PRIMARY KEY (idliquidacion)</type>
    </constraint>
    <constraint>
        <name>ca_liquidacionescomisiones_agentes</name>
        <type>FOREIGN KEY (codagente) REFERENCES agentes (codagente) ON DELETE RESTRICT ON UPDATE CASCADE</type>
    </constraint>
    <constraint>
        <name>ca_liquidacionescomisiones_empresas</name>
        <type>FOREIGN KEY (idempresa) REFERENCES empresas (idempresa) ON DELETE CASCADE ON UPDATE CASCADE</type>
    </constraint>
    <constraint>
        <name>ca_liquidacionescomisiones_facturas</name>
        <type>FOREIGN KEY (idfactura) REFERENCES facturasprov (idfactura) ON DELETE SET NULL ON UPDATE CASCADE</type>
    </constraint>
    <constraint>
        <name>ca_liquidacionescomisiones_series</name>
        <type>FOREIGN KEY (codserie) REFERENCES series (codserie) ON DELETE RESTRICT ON UPDATE CASCADE</type>
    </constraint>
</table>
