<?xml version="1.0" encoding="UTF-8"?>
<!--
 * Copyright (C) 2019-2024 Carlos Garcia Gomez <carlos@facturascripts.com>
 * @author Carlos García Gómez <carlos@facturascripts.com>
-->
<view>
    <columns>
        <group name="main" valign="bottom" numcolumns="12">
            <column name="code" display="none" order="100">
                <widget type="text" fieldname="id"/>
            </column>
            <column name="contact" titleurl="ListContacto" order="110">
                <widget type="autocomplete" fieldname="idcontacto" onclick="EditContacto" required="true">
                    <values source="Contacto" fieldcode="idcontacto"/>
                </widget>
            </column>
            <column name="interest" titleurl="AdminCRM?activetab=ListCrmInteres" order="120">
                <widget type="select" fieldname="idinteres" onclick="EditCrmInteres">
                    <values source="crm_intereses" fieldcode="id" fieldtitle="nombre"/>
                </widget>
            </column>
            <column name="opportunity" order="130">
                <widget type="select" fieldname="idoportunidad" onclick="EditCrmOportunidad" readonly="true">
                    <values source="crm_oportunidades" fieldcode="id" fieldtitle="id"/>
                </widget>
            </column>
            <column name="notice-date" numcolumns="2" order="140">
                <widget type="date" fieldname="fechaaviso"/>
            </column>
            <column name="notice-hour" order="150">
                <widget type="time" fieldname="notice_hour"/>
            </column>
            <column name="for-everyone" order="160">
                <widget type="checkbox" fieldname="paratodos"/>
            </column>
            <column name="observations" numcolumns="12" order="170">
                <widget type="textarea" fieldname="observaciones" required="true"/>
            </column>
        </group>
        <group name="advanced" valign="bottom" numcolumns="12">
            <column name="date" order="100">
                <widget type="date" fieldname="fecha" readonly="true"/>
            </column>
            <column name="hour" order="105">
                <widget type="time" fieldname="hora" readonly="true"/>
            </column>
            <column name="user" order="110">
                <widget type="select" fieldname="nick" icon="fa-solid fa-user-circle" readonly="true">
                    <values source="User" fieldcode="nick"/>
                </widget>
            </column>
            <column name="notification-date" order="120">
                <widget type="date" fieldname="fecha_notificado" readonly="true"/>
            </column>
            <column name="type" display="none" order="130">
                <widget type="text" fieldname="tipodocumento"/>
            </column>
            <column name="document" display="none" order="140">
                <widget type="number" fieldname="iddocumento"/>
            </column>
        </group>
    </columns>
</view>