<?xml version="1.0" encoding="UTF-8"?>
<!--
 * Copyright (C) 2019-2024 Carlos Garcia Gomez <carlos@facturascripts.com>
 * @author Carlos García Gómez <carlos@facturascripts.com>
-->
<view>
    <columns>
        <column name="code" display="none" order="100">
            <widget type="text" fieldname="id"/>
        </column>
        <column name="user" order="110">
            <widget type="text" fieldname="nick"/>
        </column>
        <column name="contact" order="120">
            <widget type="autocomplete" fieldname="idcontacto">
                <values source="Contacto" fieldcode="idcontacto"/>
            </widget>
        </column>
        <column name="observations" order="130">
            <widget type="textarea" fieldname="observaciones"/>
        </column>
        <column name="interest" order="140">
            <widget type="select" fieldname="idinteres" onclick="EditCrmInteres">
                <values source="crm_intereses" fieldcode="id" fieldtitle="nombre"/>
            </widget>
        </column>
        <column name="opportunity" order="150">
            <widget type="autocomplete" fieldname="idoportunidad" onclick="EditCrmOportunidad" readonly="true">
                <values source="crm_oportunidades" fieldcode="id" fieldtitle="id"/>
            </widget>
        </column>
        <column name="notice-date" display="right" order="160">
            <widget type="date" fieldname="fechaaviso"/>
        </column>
        <column name="notice-hour" order="170">
            <widget type="time" fieldname="notice_hour"/>
        </column>
        <column name="notification-date" display="none" order="180">
            <widget type="date" fieldname="fecha_notificado"/>
        </column>
        <column name="date" display="right" order="190">
            <widget type="date" fieldname="fecha"/>
        </column>
    </columns>
    <rows>
        <row type="status">
            <option color="info" fieldname="paratodos" title="for-everyone">1</option>
            <option color="warning" fieldname="fechaaviso" title="notice-date">notnull:</option>
        </row>
    </rows>
</view>