<?xml version="1.0" encoding="UTF-8"?>
<!--
 * This file is part of Anticipos plugin for FacturaScripts
 * Copyright (C) 2025 Carlos Garcia Gomez <carlos@facturascripts.com>
 *
 * This program is free software: you can redistribute it and/or modify
 * it under the terms of the GNU Lesser General Public License as
 * published by the Free Software Foundation, either version 3 of the
 * License, or (at your option) any later version.
 *
 * This program is distributed in the hope that it will be useful,
 * but WITHOUT ANY WARRANTY; without even the implied warranty of
 * MERCHANTABILITY or FITNESS FOR A PARTICULAR PURPOSE. See the
 * GNU Lesser General Public License for more details.
 *
 * You should have received a copy of the GNU Lesser General Public License
 * along with this program. If not, see <http://www.gnu.org/licenses/>.
 *
 * @author Jorge-Prebac <info@smartcuines.com>
-->
<view>
    <columns>
        <group name="money" numcolumns="12">
			<column name="company" display="right" order="100" numcolumns="2">
                <widget type="autocomplete" fieldname="idempresa" onclick="EditEmpresa">
                    <values source="empresas" fieldcode="idempresa" fieldtitle="nombre"/>
                </widget>
            </column>
            <column name="amount" order="105" numcolumns="2">
                <widget type="money" fieldname="importe"/>
            </column>
            <column name="note" display="right" order="110" numcolumns="8">
                <widget type="text" fieldname="nota"/>
            </column>
        </group>
        <group name="basic" numcolumns="12">
            <column name="payment" title="method-payment" order="100" numcolumns="3">
                <widget type="select" fieldname="codpago" parent="idempresa" onclick="EditFormaPago" required="true">
                    <values source="formaspago" fieldcode="codpago" fieldtitle="descripcion" fieldfilter="idempresa"/>
                </widget>
            </column>
            <column name="date" order="110" numcolumns="3">
                <widget type="date" fieldname="fecha"/>
            </column>
            <column name="phase" title="phase" order="120" numcolumns="3">
                <widget type="select" fieldname="fase" translate="true">
                    <values/>
                </widget>
            </column>
            <column name="user" order="130" numcolumns="3">
                <widget type="text" fieldname="nick" onclick="EditUser" readonly="true"/>
            </column>
        </group>
        <group name="supplier" numcolumns="2">
            <column name="supplier" order="100" numcolumns="12">
                <widget type="autocomplete" fieldname="codproveedor" onclick="EditProveedor">
                    <values source="proveedores" fieldcode="codproveedor" fieldtitle="razonsocial"/>
                </widget>
            </column>
			<column name="current-risk" display="right" order="110" numcolumns="6">
                <widget type="money" fieldname="totalrisk" readonly="true"/>
            </column>
			<column name="max-risk" display="right" order="110" numcolumns="6">
                <widget type="money" fieldname="riesgomax" readonly="true"/>
            </column>
        </group>
        <group name="estimation" numcolumns="2">
            <column name="estimation" order="100" numcolumns="12">
                <widget type="autocomplete" fieldname="idpresupuesto" onclick="EditPresupuestoProveedor">
                    <values source="presupuestosprov" fieldcode="idpresupuesto" fieldtitle="codigo"/>
                </widget>
            </column>
            <column name="estimation-total-amount" display="right" order="110" numcolumns="12">
                <widget type="money" fieldname="totalestimation" readonly="true"/>
            </column>
        </group>
        <group name="order" numcolumns="2">
            <column name="order" order="100" numcolumns="12">
                <widget type="autocomplete" fieldname="idpedido" onclick="EditPedidoProveedor">
                    <values source="pedidosprov" fieldcode="idpedido" fieldtitle="codigo"/>
                </widget>
            </column>
            <column name="order-total-amount" display="right" order="110" numcolumns="12">
                <widget type="money" fieldname="totalorder" readonly="true"/>
            </column>
        </group>
        <group name="delivery-note" numcolumns="2">
            <column name="delivery-note" order="100" numcolumns="12">
                <widget type="autocomplete" fieldname="idalbaran" onclick="EditAlbaranProveedor">
                    <values source="albaranesprov" fieldcode="idalbaran" fieldtitle="codigo"/>
                </widget>
            </column>
            <column name="delivery-note-total-amount" display="right" order="110" numcolumns="12">
                <widget type="money" fieldname="totaldelivery" readonly="true"/>
            </column>
        </group>
        <group name="invoice" numcolumns="2">
            <column name="invoice" order="100" numcolumns="12">
                <widget type="autocomplete" fieldname="idfactura" onclick="EditFacturaProveedor">
                    <values source="facturasprov" fieldcode="idfactura" fieldtitle="codigo"/>
                </widget>
            </column>
            <column name="invoice-total-amount" display="right" order="110" numcolumns="12">
                <widget type="money" fieldname="totalinvoice" readonly="true"/>
            </column>
        </group>
        <group name="project" numcolumns="2">
            <column name="project" order="100" numcolumns="12">
                <widget type="autocomplete" fieldname="idproyecto" onclick="EditProyecto">
                    <values source="proyectos" fieldcode="idproyecto" fieldtitle="nombre"/>
                </widget>
            </column>
			<column name="project-total-amount" display="right" order="110" numcolumns="12">
                <widget type="money" fieldname="totalproject" readonly="true"/>
            </column>
        </group>
    </columns>
</view>