<?xml version="1.0" encoding="UTF-8"?>
<!--
 * Copyright (C) 2025 Carlos Garcia Gomez <carlos@facturascripts.com>
 * @author Daniel Fernández Giménez <hola@danielfg.es>
-->
<view>
    <columns>
        <column name="id" display="none" order="100">
            <widget type="text" fieldname="id"/>
        </column>
        <column name="company" order="110">
            <widget type="select" fieldname="idempresa">
                <values source="empresas" fieldcode="idempresa" fieldtitle="nombrecorto"/>
            </widget>
        </column>
        <column name="exercise" order="120">
            <widget type="select" fieldname="codejercicio">
                <values source="ejercicios" fieldcode="codejercicio" fieldtitle="nombre"/>
            </widget>
        </column>
        <column name="type" order="140">
            <widget type="text" fieldname="type_name"/>
        </column>
        <column name="json" display="center" order="150">
            <widget type="download" fieldname="file_json" class="btn btn-info btn-sm"/>
        </column>
        <column name="hash" display="center" order="160">
            <widget type="checkbox" fieldname="hash"/>
        </column>
        <column name="creation-date" display="right" order="170">
            <widget type="datetime" fieldname="creation_date"/>
        </column>
    </columns>
</view>