<?xml version="1.0" encoding="UTF-8"?>
<view>
    <columns>
        <group name="data" numcolumns="12">
            <column name="id" display="none" order="100">
                <widget type="text" fieldname="id" readonly="true"/>
            </column>
            <column name="customer" order="120">
                <widget type="autocomplete" fieldname="codcliente" required="true">
                    <values source="clientes" fieldcode="codcliente" fieldtitle="nombre" />
                </widget>
            </column>
            <column name="order" numcolumns="3" order="125">
                <widget type="autocomplete" fieldname="pedido_id" onclick="EditPedidoCliente" parent="customer">
                    <values source="pedidoscli" fieldcode="idpedido" fieldtitle="codigo" fieldfilter="codcliente"/>
                </widget>
            </column>
            <column name="Shift Date" order="130">
                <widget type="datetime" fieldname="fechaturno" required="true"/>
            </column>
            <column name="description" order="140">
                <widget type="text" fieldname="name" maxlength="100" required="true"/>
            </column>
            <column name="observations" order="150" numcolumns="12">
                <widget type="textarea" fieldname="observation"/>
            </column>
        </group>
        <group name="advanzed-data2" numcolumns="12">
            <column name="Cancelled date" order="140">
                <widget type="date" fieldname="cancelated_date" />
            </column>
            <column name="Cancellation reason" order="155">
                <widget type="textarea" fieldname="cancellation_reason" rows="1"/>
            </column>
        </group>
        <group name="advanzed-data" numcolumns="12">
            <column name="last-user" order="140">
                <widget type="text" fieldname="lastnick" maxlength="50" readonly="true"/>
            </column>
            <column name="last-update" order="150">
                <widget type="datetime" fieldname="lastupdate" readonly="true"/>
            </column>
            <column name="creation-date" order="110">
                <widget type="datetime" fieldname="creationdate" required="true" readonly="true"/>
            </column>
            <column name="user" order="170">
                <widget type="text" fieldname="nick" maxlength="50" readonly="true"/>
            </column>
            <column name="Completed date" order="180">
                <widget type="datetime" fieldname="completed_date" readonly="true"/>
            </column>
        </group>
    </columns>
</view>
