<?xml version="1.0" encoding="UTF-8"?>
<view>
    <columns>
        <column name="code" display="none" order="100">
            <widget type="text" fieldname="id" readonly="true"/>
        </column>
        <column name="customer" order="120">
            <widget type="autocomplete" fieldname="codcliente" onclick="EditCliente" required="true" readonly="true">
                <values source="clientes" fieldcode="codcliente" fieldtitle="nombre"></values>
            </widget>
        </column>
        <column name="order" numcolumns="3" order="125">
            <widget type="autocomplete" fieldname="pedido_id" onclick="EditPedidoCliente" parent="customer">
                <values source="pedidoscli" fieldcode="idpedido" fieldtitle="codigo" fieldfilter="codcliente"/>
            </widget>
        </column>
        <column name="Shift Date" order="130">
            <widget type="datetime" fieldname="fechaturno" required="true"/>
        </column>
        <column name="status" order="135">
            <widget type="select" fieldname="status" translate="true" required="true">
                <values title="pending">pendiente</values>
                <values title="next">proximo</values>
                <values title="completed">completado</values>
                <values title="cancelled">cancelado</values>
            </widget>
        </column>
        <column name="description" order="140">
            <widget type="text" fieldname="name" maxlength="100"/>
        </column>
        <column name="observations" order="150">
            <widget type="textarea" fieldname="observation"/>
        </column>
        <column name="Cancellation reason" order="155" display="none">
            <widget type="textarea" fieldname="cancellation_reason"/>
        </column>
        <column name="Completed date" order="160" display="none">
            <widget type="datetime" fieldname="completed_date" required="true"/>
        </column>
        <column name="Cancelled date" order="162" display="none">
            <widget type="datetime" fieldname="cancelated_date" required="true"/>
        </column>
        <column name="creation-date" order="165" display="none">
            <widget type="datetime" fieldname="creationdate" required="true"/>
        </column>
        <column name="last-user" order="170" display="none">
            <widget type="text" fieldname="lastnick" maxlength="50"/>
        </column>
        <column name="last-update" order="180" display="none">
            <widget type="datetime" fieldname="lastupdate"/>
        </column>
        <column name="user" order="190">
            <widget type="text" fieldname="nick" maxlength="50"/>
        </column>
    </columns>
    <rows>
        <row type="status">
            <option color="warning" fieldname="status" title="next">proximo</option>
            <option color="danger" fieldname="status" title="cancelled">cancelado</option>
            <option color="success" fieldname="status" title="completed">completado</option>
        </row>
    </rows>
</view>
