<?xml version="1.0" encoding="UTF-8"?>
<table>
    <column>
        <name>idvale</name>
        <type>serial</type>
        <null>NO</null>
    </column>
    <column>
        <name>nick</name>
        <type>character varying(50)</type>
    </column>
    <column>
        <name>barcode</name>
        <type>character varying(100)</type>
    </column>
    <column>
        <name>fecha_creacion</name>
        <type>date</type>
    </column>
    <column>
        <name>modelo_creacion</name>
        <type>character varying(100)</type>
    </column>
    <column>
        <name>idfactura_creacion</name>
        <type>integer</type>
    </column>
     <column>
        <name>idalbaran_creacion</name>
        <type>integer</type>
    </column>
    <column>
        <name>idcaja_creacion</name>
        <type>integer</type>
    </column>
    <column>
        <name>idtpv_creacion</name>
        <type>integer</type>
    </column>
    <column>
        <name>importe</name>
        <type>double precision</type>
    </column>
    <column>
        <name>saldo</name>
        <type>double precision</type>
    </column>
    <column>
        <name>idfactura_uso</name>
        <type>integer</type>
    </column>
    <column>
        <name>fecha_uso</name>
        <type>datetime</type>
    </column>
    <column>
        <name>idcaja_uso</name>
        <type>integer</type>
    </column>
    <column>
        <name>idtpv_uso</name>
        <type>integer</type>
    </column>
    <column>
        <name>nick_uso</name>
        <type>character varying(50)</type>
    </column>
    <column>
        <name>activo</name>
        <type>boolean</type>
    </column>
    <column>
        <name>idorigen</name>
        <type>character varying(100)</type>
    </column>
    <column>
        <name>iduso</name>
        <type>character varying(100)</type>
    </column>
    <constraint>
        <name>table_vales_pkey</name>
        <type>PRIMARY KEY (idvale)</type>
    </constraint>
</table>
