<?xml version="1.0" encoding="UTF-8"?>
<!--
 * Copyright (C) 2019-2025 Carlos Garcia Gomez <carlos@facturascripts.com>
 * Author Carlos Garcia Gomez <carlos@facturascripts.com>
 * Author Daniel Fernández Giménez <hola@danielfg.es>
-->
<table>
    <column>
        <name>apikey</name>
        <type>character varying(99)</type>
    </column>
    <column>
        <name>creationdate</name>
        <type>date</type>
    </column>
    <column>
        <name>font_size</name>
        <type>integer</type>
        <default>1</default>
    </column>
    <column>
        <name>footer</name>
        <type>text</type>
    </column>
    <column>
        <name>footer_font_size</name>
        <type>integer</type>
        <default>1</default>
    </column>
    <column>
        <name>head</name>
        <type>text</type>
    </column>
    <column>
        <name>head_font_size</name>
        <type>integer</type>
        <default>1</default>
    </column>
    <column>
        <name>id</name>
        <type>serial</type>
    </column>
    <column>
        <name>idapikey</name>
        <type>integer</type>
        <null>NO</null>
    </column>
    <column>
        <name>lastactivity</name>
        <type>timestamp</type>
    </column>
    <column>
        <name>linelen</name>
        <type>integer</type>
    </column>
    <column>
        <name>name</name>
        <type>character varying(100)</type>
    </column>
    <column>
        <name>nick</name>
        <type>character varying(50)</type>
    </column>
    <column>
        <name>print_comp_shortname</name>
        <type>boolean</type>
        <default>false</default>
    </column>
    <column>
        <name>print_comp_tlf</name>
        <type>boolean</type>
        <default>false</default>
    </column>
    <column>
        <name>print_invoice_receipts</name>
        <type>boolean</type>
        <default>false</default>
    </column>
    <column>
        <name>print_lines_description</name>
        <type>boolean</type>
        <default>true</default>
    </column>
    <column>
        <name>print_lines_discount</name>
        <type>boolean</type>
        <default>false</default>
    </column>
    <column>
        <name>print_lines_net</name>
        <type>boolean</type>
        <default>false</default>
    </column>
    <column>
        <name>print_lines_price</name>
        <type>boolean</type>
        <default>true</default>
    </column>
    <column>
        <name>print_lines_price_tax</name>
        <type>boolean</type>
        <default>false</default>
    </column>
    <column>
        <name>print_lines_quantity</name>
        <type>boolean</type>
        <default>true</default>
    </column>
    <column>
        <name>print_lines_reference</name>
        <type>boolean</type>
        <default>false</default>
    </column>
    <column>
        <name>print_lines_total</name>
        <type>boolean</type>
        <default>false</default>
    </column>
    <column>
        <name>print_payment_methods</name>
        <type>boolean</type>
        <default>false</default>
    </column>
    <column>
        <name>print_stored_logo</name>
        <type>boolean</type>
        <default>false</default>
    </column>
    <column>
        <name>title_font_size</name>
        <type>integer</type>
        <default>2</default>
    </column>
    <constraint>
        <name>tickets_printers_pkey</name>
        <type>PRIMARY KEY (id)</type>
    </constraint>
    <constraint>
        <name>ca_tickets_printers_api</name>
        <type>FOREIGN KEY (idapikey) REFERENCES api_keys (id) ON DELETE RESTRICT ON UPDATE CASCADE</type>
    </constraint>
</table>