<?xml version="1.0" encoding="UTF-8"?>
<table>
    <column>
        <name>creation_date</name>
        <type>timestamp</type>
        <null>NO</null>
    </column>
    <column>
        <name>id</name>
        <type>serial</type>
        <null>NO</null>
    </column>
    <column>
        <name>idfactura</name>
        <type>integer</type>
        <null>NO</null>
    </column>
    <column>
        <name>idrecibo</name>
        <type>integer</type>
        <null>NO</null>
    </column>
    <column>
        <name>idremesa</name>
        <type>integer</type>
        <null>NO</null>
    </column>
    <column>
        <name>last_nick</name>
        <type>character varying(50)</type>
    </column>
    <column>
        <name>last_update</name>
        <type>timestamp</type>
    </column>
    <column>
        <name>name</name>
        <type>character varying(100)</type>
    </column>
    <column>
        <name>nick</name>
        <type>character varying(50)</type>
    </column>
    <constraint>
        <name>remesas_sepa_refunds_prov_pkey</name>
        <type>PRIMARY KEY (id)</type>
    </constraint>
    <constraint>
        <name>ca_remesas_sepa_refunds_prov_users_last_nick</name>
        <type>FOREIGN KEY (last_nick) REFERENCES users (nick) ON DELETE SET NULL ON UPDATE CASCADE</type>
    </constraint>
    <constraint>
        <name>ca_remesas_sepa_refunds_prov_users_nick</name>
        <type>FOREIGN KEY (nick) REFERENCES users (nick) ON DELETE SET NULL ON UPDATE CASCADE</type>
    </constraint>
    <constraint>
        <name>ca_remesas_sepa_refunds_prov_recibospagosprov</name>
        <type>FOREIGN KEY (idrecibo) REFERENCES recibospagosprov (idrecibo) ON DELETE CASCADE ON UPDATE CASCADE</type>
    </constraint>
    <constraint>
        <name>ca_remesas_sepa_refunds_prov_facturasprov</name>
        <type>FOREIGN KEY (idfactura) REFERENCES facturasprov (idfactura) ON DELETE CASCADE ON UPDATE CASCADE</type>
    </constraint>
    <constraint>
        <name>ca_remesas_sepa_refunds_prov_remesas_sepa_prov</name>
        <type>FOREIGN KEY (idremesa) REFERENCES remesas_sepa_prov (idremesa) ON DELETE CASCADE ON UPDATE CASCADE</type>
    </constraint>
</table>