<?xml version="1.0" encoding="UTF-8"?>
<!--
 * This file is part of Comisiones plugin for FacturaScripts
 * Copyright (C) 2022-2025 Carlos Garcia Gomez <carlos@facturascripts.com>
 *
 * This program is free software: you can redistribute it and/or modify
 * it under the terms of the GNU Lesser General Public License as
 * published by the Free Software Foundation, either version 3 of the
 * License, or (at your option) any later version.
 *
 * This program is distributed in the hope that it will be useful,
 * but WITHOUT ANY WARRANTY; without even the implied warranty of
 * MERCHANTABILITY or FITNESS FOR A PARTICULAR PURPOSE. See the
 * GNU Lesser General Public License for more details.
 *
 * You should have received a copy of the GNU Lesser General Public License
 * along with this program. If not, see <http://www.gnu.org/licenses/>.
 *
 * @author Carlos García Gómez          <carlos@facturascripts.com>
 * @author Jose Antonio Cuello Principal  <yopli2000@gmail.com>
-->
<view>
    <columns>
        <column name="commission" display="none" order="351">
            <widget type="money" fieldname="totalcomision"/>
        </column>
        <column name="settlement" display="none" order="352">
            <widget type="text" fieldname="idliquidacion" onclick="EditLiquidacionComision"/>
        </column>
    </columns>
</view>
