<?xml version="1.0" encoding="UTF-8"?>
<!--
    This file is part of PagosMultiples plugin for FacturaScripts.
    FacturaScripts Copyright (C) 2015-2025 Carlos Garcia Gomez <carlos@facturascripts.com>
    PagosMultiples Copyright (C) 2022-2025 Jose Antonio Cuello Principal <yopli2000@gmail.com>

    This program and its files are under the terms of the license specified in the LICENSE file.

    Document   : EditCustomerReceiptGroupNote.xml
    Author     : Jose Antonio Cuello    <yopli2000@gmail.com>
    Description:
        Initial description for the edit view of CustomerReceiptGroup model
        (notes field)
-->
<view>
    <columns>
        <column name="id" numcolumns="2" display="none" order="0" >
            <widget type="number" fieldname="id" icon="fa-solid fa-globe" readonly="true" />
        </column>
        <column name="notes" title="">
            <widget type="textarea" fieldname="notes" rows="6" />
        </column>
    </columns>
</view>
