<?xml version="1.0" encoding="UTF-8"?>
<!--
    Document   : dtosclientes.xml
    Author     : Carlos García Gómez <carlos@facturascripts.com>
    Description: dtosclientes table structure.
-->
<table>
    <column>
        <name>acumular</name>
        <type>boolean</type>
    </column>
    <column>
        <name>codcliente</name>
        <type>character varying(10)</type>
    </column>
    <column>
        <name>codfamilia</name>
        <type>character varying(8)</type>
    </column>
    <column>
        <name>codgrupo</name>
        <type>character varying(6)</type>
    </column>
    <column>
        <name>fecha0</name>
        <type>date</type>
        <null>NO</null>
    </column>
    <column>
        <name>fecha1</name>
        <type>date</type>
    </column>
    <column>
        <name>id</name>
        <type>serial</type>
        <null>NO</null>
    </column>
    <column>
        <name>observaciones</name>
        <type>text</type>
    </column>
    <column>
        <name>porcentaje</name>
        <type>double precision</type>
        <default>0</default>
    </column>
    <column>
        <name>prioridad</name>
        <type>integer</type>
        <default>0</default>
    </column>
    <column>
        <name>referencia</name>
        <type>character varying(30)</type>
    </column>
    <constraint>
        <name>dtosclientes_pkey</name>
        <type>PRIMARY KEY (id)</type>
    </constraint>
    <constraint>
        <name>ca_dtosclientes_clientes</name>
        <type>FOREIGN KEY (codcliente) REFERENCES clientes (codcliente) ON DELETE CASCADE ON UPDATE CASCADE</type>
    </constraint>
    <constraint>
        <name>ca_dtosclientes_familias</name>
        <type>FOREIGN KEY (codfamilia) REFERENCES familias (codfamilia) ON DELETE CASCADE ON UPDATE CASCADE</type>
    </constraint>
    <constraint>
        <name>ca_dtosclientes_grupos</name>
        <type>FOREIGN KEY (codgrupo) REFERENCES gruposclientes (codgrupo) ON DELETE CASCADE ON UPDATE CASCADE</type>
    </constraint>
    <constraint>
        <name>ca_dtosclientes_variantes</name>
        <type>FOREIGN KEY (referencia) REFERENCES variantes (referencia) ON DELETE CASCADE ON UPDATE CASCADE</type>
    </constraint>
</table>