<?xml version="1.0" encoding="UTF-8"?>
<!--
    Document   : tarifas_familias.xml
    Author     : Carlos Garcia Gomez
    Description:
        Structure for the tarifas table.
-->
<table>
    <column>
        <name>aplicar</name>
        <type>character varying(12)</type>
    </column>
    <column>
        <name>codfamilia</name>
        <type>character varying(8)</type>
        <null>NO</null>
    </column>
    <column>
        <name>codtarifa</name>
        <type>character varying(6)</type>
        <null>NO</null>
    </column>
    <column>
        <name>id</name>
        <type>serial</type>
        <null>NO</null>
    </column>
    <column>
        <name>maxpvp</name>
        <type>boolean</type>
        <default>false</default>
    </column>
    <column>
        <name>mincoste</name>
        <type>boolean</type>
        <default>false</default>
    </column>
    <column>
        <name>valorx</name>
        <type>double precision</type>
    </column>
    <column>
        <name>valory</name>
        <type>double precision</type>
    </column>
    <constraint>
        <name>tarifas_familias_pkey</name>
        <type>PRIMARY KEY (id)</type>
    </constraint>
    <constraint>
        <name>ca_tarifas_familias_familias</name>
        <type>FOREIGN KEY (codfamilia) REFERENCES familias (codfamilia) ON DELETE CASCADE ON UPDATE CASCADE</type>
    </constraint>
    <constraint>
        <name>ca_tarifas_familias_tarifas</name>
        <type>FOREIGN KEY (codtarifa) REFERENCES tarifas (codtarifa) ON DELETE CASCADE ON UPDATE CASCADE</type>
    </constraint>
    <constraint>
        <name>uniq_tarifas_familias</name>
        <type>UNIQUE (codfamilia,codtarifa)</type>
    </constraint>
</table>