<?xml version="1.0" encoding="UTF-8"?>
<!--
 * This file is part of Comisiones plugin for FacturaScripts
 * Copyright (C) 2022-2025 Carlos Garcia Gomez <carlos@facturascripts.com>
 *
 * This program is free software: you can redistribute it and/or modify
 * it under the terms of the GNU Lesser General Public License as
 * published by the Free Software Foundation, either version 3 of the
 * License, or (at your option) any later version.
 *
 * This program is distributed in the hope that it will be useful,
 * but WITHOUT ANY WARRANTY; without even the implied warranty of
 * MERCHANTABILITY or FITNESS FOR A PARTICULAR PURPOSE. See the
 * GNU Lesser General Public License for more details.
 *
 * You should have received a copy of the GNU Lesser General Public License
 * along with this program. If not, see <http://www.gnu.org/licenses/>.
 *
 * @author Jose Antonio Cuello Principal <yopli2000@gmail.com>
-->
<view>
    <columns>
        <column name="code" display="none" order="100">
            <widget type="text" fieldname="id" readonly="true"/>
        </column>
        <column name="company" order="100">
            <widget type="select" fieldname="idempresa" onclick="EditEmpresa">
                <values source="empresas" fieldcode="idempresa" fieldtitle="nombrecorto"/>
            </widget>
        </column>
        <column name="agent" titleurl="ListAgente" order="110">
            <widget type="autocomplete" fieldname="codagente" onclick="EditAgente">
                <values source="agentes" fieldcode="codagente" fieldtitle="nombre" />
            </widget>
        </column>
        <column name="from-dto" numcolumns="2" order="120">
            <widget type="percentage" decimal="2" min="0.01" max="100.00" fieldname="dto_desde" required="true"/>
        </column>
        <column name="until-dto" numcolumns="2" order="130">
            <widget type="percentage" decimal="2" min="0.01" max="100.00" fieldname="dto_hasta" required="true"/>
        </column>
        <column name="penalty" numcolumns="2" order="140">
            <widget type="number" decimal="2" min="0.01" max="999.99" fieldname="penalizacion" required="true"/>
        </column>
    </columns>
    <rows>
        <row type="footer">
            <group name="help" id="help-card" html="Block/PenaltyInfo.html.twig"></group>
        </row>
    </rows>
</view>
