<?xml version="1.0" encoding="UTF-8"?>
<!--
 * This file is part of Comisiones plugin for FacturaScripts
 * Copyright (C) 2022-2025 Carlos Garcia Gomez <carlos@facturascripts.com>
 *
 * This program is free software: you can redistribute it and/or modify
 * it under the terms of the GNU Lesser General Public License as
 * published by the Free Software Foundation, either version 3 of the
 * License, or (at your option) any later version.
 *
 * This program is distributed in the hope that it will be useful,
 * but WITHOUT ANY WARRANTY; without even the implied warranty of
 * MERCHANTABILITY or FITNESS FOR A PARTICULAR PURPOSE. See the
 * GNU Lesser General Public License for more details.
 *
 * You should have received a copy of the GNU Lesser General Public License
 * along with this program. If not, see <http://www.gnu.org/licenses/>.
 *
 * @author Jose Antonio Cuello Principal <yopli2000@gmail.com>
 * @author Carlos García Gómez  <carlos@facturascripts.com>
-->
<view>
    <columns>
        <column name="code" order="100">
            <widget type="text" fieldname="idliquidacion" />
        </column>
        <column name="company" display="none" order="110">
            <widget type="select" fieldname="idempresa" onclick="EditEmpresa">
                <values source="empresas" fieldcode="idempresa" fieldtitle="nombrecorto" />
            </widget>
        </column>
        <column name="serie" order="120">
            <widget type="select" fieldname="codserie" onclick="EditSerie">
                <values source="series" fieldcode="codserie" fieldtitle="descripcion" />
            </widget>
        </column>
        <column name="agent" order="130">
            <widget type="select" fieldname="codagente" onclick="EditAgente">
                <values source="agentes" fieldcode="codagente" fieldtitle="nombre" />
            </widget>
        </column>
        <column name="invoice" title="generated-invoice" order="140">
            <widget type="autocomplete" fieldname="idfactura" onclick="EditFacturaProveedor">
                <values source="facturasprov" fieldcode="idfactura" fieldtitle="codigo" />
            </widget>
        </column>
        <column name="observations" order="150">
            <widget type="text" fieldname="observaciones" />
        </column>
        <column name="amount" display="right" order="160">
            <widget type="money" fieldname="total" />
        </column>
        <column name="date" display="right" order="170">
            <widget type="date" fieldname="fecha" />
        </column>
    </columns>
    <modals>
        <group name="gen-settlements" title="generate-settlements" icon="fa-solid fa-magic">
            <column name="from-date" order="100">
                <widget type="date" fieldname="datefrom" />
            </column>
            <column name="until-date" order="110">
                <widget type="date" fieldname="dateto" />
            </column>
            <column name="company" numcolumns="12" order="120">
                <widget type="select" fieldname="idempresa" required="true">
                    <values source="empresas" fieldcode="idempresa" fieldtitle="nombrecorto" />
                </widget>
            </column>
            <column name="serie" numcolumns="12" order="130">
                <widget type="select" fieldname="codserie" required="true">
                    <values source="series" fieldcode="codserie" fieldtitle="descripcion" />
                </widget>
            </column>
        </group>
    </modals>
    <rows>
        <row type="status">
            <option color="warning" title="no-invoice" fieldname="idfactura">null:</option>
            <option color="success" title="generated-invoice" fieldname="idfactura">notnull:</option>
        </row>
    </rows>
</view>