<?xml version="1.0" encoding="UTF-8"?>
<!--
 * This file is part of Comisiones plugin for FacturaScripts
 * Copyright (C) 2022-2025 Carlos Garcia Gomez <carlos@facturascripts.com>
 *
 * This program is free software: you can redistribute it and/or modify
 * it under the terms of the GNU Lesser General Public License as
 * published by the Free Software Foundation, either version 3 of the
 * License, or (at your option) any later version.
 *
 * This program is distributed in the hope that it will be useful,
 * but WITHOUT ANY WARRANTY; without even the implied warranty of
 * MERCHANTABILITY or FITNESS FOR A PARTICULAR PURPOSE. See the
 * GNU Lesser General Public License for more details.
 *
 * You should have received a copy of the GNU Lesser General Public License
 * along with this program. If not, see <http://www.gnu.org/licenses/>.
 *
 * @author Jose Antonio Cuello Principal <yopli2000@gmail.com>
 * @author Carlos García Gómez  <carlos@facturascripts.com>
-->
<view>
    <columns>
        <column name="id" order="100">
            <widget type="text" fieldname="idcomision" />
        </column>
        <column name="company" display="none" order="110">
            <widget type="select" fieldname="idempresa" onclick="EditEmpresa">
                <values source="empresas" fieldcode="idempresa" fieldtitle="nombrecorto" />
            </widget>
        </column>
        <column name="agent" order="120">
            <widget type="select" fieldname="codagente" onclick="EditAgente">
                <values source="agentes" fieldcode="codagente" fieldtitle="nombre" />
            </widget>
        </column>
        <column name="customer" order="130">
            <widget type="autocomplete" fieldname="codcliente" onclick="EditCliente">
                <values source="clientes" fieldcode="codcliente" fieldtitle="nombre" />
            </widget>
        </column>
        <column name="family" order="140">
            <widget type="select" fieldname="codfamilia" onclick="EditFamilia">
                <values source="familias" fieldcode="codfamilia" fieldtitle="descripcion" />
            </widget>
        </column>
        <column name="product" order="150">
            <widget type="autocomplete" fieldname="idproducto" onclick="EditProducto">
                <values source="productos" fieldcode="idproducto" fieldtitle="referencia" />
            </widget>
        </column>
        <column name="percentage" display="right" order="160">
            <widget type="percentage" decimal="0" fieldname="porcentaje" />
        </column>
        <column name="priority" display="right" order="170">
            <widget type="number" decimal="0" fieldname="prioridad" />
        </column>
    </columns>
</view>
