<?xml version="1.0" encoding="UTF-8"?>
<!--
 * This file is part of StockAvanzado plugin for FacturaScripts
 * Copyright (C) 2020-2025 Carlos Garcia Gomez <carlos@facturascripts.com>
 *
 * This program is free software: you can redistribute it and/or modify
 * it under the terms of the GNU Lesser General Public License as
 * published by the Free Software Foundation, either version 3 of the
 * License, or (at your option) any later version.
 *
 * This program is distributed in the hope that it will be useful,
 * but WITHOUT ANY WARRANTY; without even the implied warranty of
 * MERCHANTABILITY or FITNESS FOR A PARTICULAR PURPOSE. See the
 * GNU Lesser General Public License for more details.
 *
 * You should have received a copy of the GNU Lesser General Public License
 * along with this program. If not, see <http://www.gnu.org/licenses/>.
 *
 * @author Carlos García Gómez <carlos@facturascripts.com>
-->
<view>
    <columns>
        <group name="main" valign="bottom">
            <column name="warehouse" order="100">
                <widget type="select" fieldname="codalmacen" onclick="EditAlmacen" readonly="dinamic" required="true">
                    <values source="almacenes" fieldcode="codalmacen" fieldtitle="nombre"/>
                </widget>
            </column>
            <column name="from-date" order="110">
                <widget type="date" fieldname="fechainicio" readonly="true"/>
            </column>
            <column name="until-date" order="120">
                <widget type="datetime" fieldname="fechafin" readonly="true"/>
            </column>
            <column name="user" order="130">
                <widget type="text" fieldname="nick" readonly="true"/>
            </column>
            <column name="completed" order="140">
                <widget type="checkbox" fieldname="completed" readonly="true"/>
            </column>
            <column name="observations" numcolumns="12" order="150">
                <widget type="textarea" fieldname="observaciones" title="observations"/>
            </column>
        </group>
    </columns>
</view>