<?xml version="1.0" encoding="UTF-8"?>
<!--
 * This file is part of StockAvanzado plugin for FacturaScripts
 * Copyright (C) 2020-2025 Carlos Garcia Gomez <carlos@facturascripts.com>
 *
 * This program is free software: you can redistribute it and/or modify
 * it under the terms of the GNU Lesser General Public License as
 * published by the Free Software Foundation, either version 3 of the
 * License, or (at your option) any later version.
 *
 * This program is distributed in the hope that it will be useful,
 * but WITHOUT ANY WARRANTY; without even the implied warranty of
 * MERCHANTABILITY or FITNESS FOR A PARTICULAR PURPOSE. See the
 * GNU Lesser General Public License for more details.
 *
 * You should have received a copy of the GNU Lesser General Public License
 * along with this program. If not, see <http://www.gnu.org/licenses/>.
 *
 * @author Carlos García Gómez <carlos@facturascripts.com>
-->
<view>
    <columns>
        <column name="code" order="100">
            <widget type="text" fieldname="idconteo" onclick="EditConteoStock"/>
        </column>
        <column name="warehouse" order="110">
            <widget type="select" fieldname="codalmacen" required="true">
                <values source="almacenes" fieldcode="codalmacen" fieldtitle="nombre" />
            </widget>
        </column>
        <column name="observations" order="120">
            <widget type="textarea" fieldname="observaciones" />
        </column>
        <column name="completed" display="center" order="130">
            <widget type="checkbox" fieldname="completed"/>
        </column>
        <column name="user" order="140">
            <widget type="text" fieldname="nick" />
        </column>
        <column name="date" display="right" order="150">
            <widget type="date" fieldname="fechainicio" />
        </column>
    </columns>
</view>