<?xml version="1.0" encoding="UTF-8"?>
<!--
 * This file is part of StockAvanzado plugin for FacturaScripts
 * Copyright (C) 2023 Carlos Garcia Gomez <carlos@facturascripts.com>
 *
 * This program is free software: you can redistribute it and/or modify
 * it under the terms of the GNU Lesser General Public License as
 * published by the Free Software Foundation, either version 3 of the
 * License, or (at your option) any later version.
 *
 * This program is distributed in the hope that it will be useful,
 * but WITHOUT ANY WARRANTY; without even the implied warranty of
 * MERCHANTABILITY or FITNESS FOR A PARTICULAR PURPOSE. See the
 * GNU Lesser General Public License for more details.
 *
 * You should have received a copy of the GNU Lesser General Public License
 * along with this program. If not, see <http://www.gnu.org/licenses/>.
 *
 * @author Carlos García Gómez <carlos@facturascripts.com>
-->
<view>
    <columns>
        <column name="id" display="none" order="100">
            <widget type="text" fieldname="idlinea"/>
        </column>
        <column name="idconteo" display="none" order="110">
            <widget type="text" fieldname="idconteo"/>
        </column>
        <column name="reference" order="120">
            <widget type="autocomplete" fieldname="referencia">
                <values source="variantes" fieldcode="referencia" fieldtitle="referencia"/>
            </widget>
        </column>
        <column name="quantity" display="right" order="130">
            <widget type="number" fieldname="cantidad"/>
        </column>
        <column name="user" order="140">
            <widget type="text" fieldname="nick"/>
        </column>
        <column name="date" display="right" order="150">
            <widget type="datetime" fieldname="fecha"/>
        </column>
    </columns>
</view>