<?xml version="1.0" encoding="UTF-8"?>
<!--
 * This file is part of StockAvanzado plugin for FacturaScripts
 * Copyright (C) 2017-2025 Carlos Garcia Gomez <carlos@facturascripts.com>
 *
 * This program is free software: you can redistribute it and/or modify
 * it under the terms of the GNU Lesser General Public License as
 * published by the Free Software Foundation, either version 3 of the
 * License, or (at your option) any later version.
 *
 * This program is distributed in the hope that it will be useful,
 * but WITHOUT ANY WARRANTY; without even the implied warranty of
 * MERCHANTABILITY or FITNESS FOR A PARTICULAR PURPOSE. See the
 * GNU Lesser General Public License for more details.
 *
 * You should have received a copy of the GNU Lesser General Public License
 * along with this program. If not, see <http://www.gnu.org/licenses/>.
 *
 * @author Cristo M. Estévez Hernández  <cristom.estevez@gmail.com>
 * @author Carlos García Gómez          <carlos@facturascripts.com>
-->
<view>
    <columns>
        <column name="code" order="100">
            <widget type="text" fieldname="idtrans" onclick="EditTransferenciaStock"/>
        </column>
        <column name="codwarehouseorigin" title="origin-warehouse" order="110">
            <widget type="select" fieldname="codalmacenorigen" required="true">
                <values source="almacenes" fieldcode="codalmacen" fieldtitle="nombre"/>
            </widget>
        </column>
        <column name="codwarehousedestination" title="destination-warehouse" order="120">
            <widget type="select" fieldname="codalmacendestino" required="true">
                <values source="almacenes" fieldcode="codalmacen" fieldtitle="nombre"/>
            </widget>
        </column>
        <column name="observations" order="130">
            <widget type="text" fieldname="observaciones"/>
        </column>
        <column name="completed" display="center" order="140">
            <widget type="checkbox" fieldname="completed"/>
        </column>
        <column name="user" order="150">
            <widget type="text" fieldname="nick"/>
        </column>
        <column name="date" display="right" order="160">
            <widget type="datetime" fieldname="fecha"/>
        </column>
    </columns>
</view>