<?xml version="1.0" encoding="UTF-8"?>
<!--
 * This file is part of StockAvanzado plugin for FacturaScripts
 * Copyright (C) 2020 Carlos Garcia Gomez <carlos@facturascripts.com>
 *
 * This program is free software: you can redistribute it and/or modify
 * it under the terms of the GNU Lesser General Public License as
 * published by the Free Software Foundation, either version 3 of the
 * License, or (at your option) any later version.
 *
 * This program is distributed in the hope that it will be useful,
 * but WITHOUT ANY WARRANTY; without even the implied warranty of
 * MERCHANTABILITY or FITNESS FOR A PARTICULAR PURPOSE. See the
 * GNU Lesser General Public License for more details.
 *
 * You should have received a copy of the GNU Lesser General Public License
 * along with this program. If not, see <http://www.gnu.org/licenses/>.
 *
 * @author Carlos García Gómez <carlos@facturascripts.com>
-->
<view>
    <columns>
        <column name="reference" order="100">
            <widget type="string" fieldname="referencia" />
        </column>
        <column name="description" order="110">
            <widget type="textarea" fieldname="descripcion" />
        </column>
        <column name="warehouse" order="120">
            <widget type="select" fieldname="codalmacen" onclick="EditAlmacen" required="true">
                <values source="almacenes" fieldcode="codalmacen" fieldtitle="nombre" />
            </widget>
        </column>
        <column name="manufacturer" display="none" order="130">
            <widget type="autocomplete" fieldname="codfabricante" onclick="EditFabricante">
                <values source="fabricantes" fieldcode="codfabricante" fieldtitle="nombre" />
            </widget>
        </column>
        <column name="family" display="none" order="140">
            <widget type="autocomplete" fieldname="codfamilia" onclick="EditFamilia">
                <values source="familias" fieldcode="codfamilia" fieldtitle="descripcion" />
            </widget>
        </column>
        <column name="pending-reception" display="none" order="150">
            <widget type="number" fieldname="pterecibir" />
        </column>
        <column name="reserved" display="none" order="160">
            <widget type="number" fieldname="reservada" />
        </column>
        <column name="available" display="right" order="170">
            <widget type="number" fieldname="disponible" />
        </column>
        <column name="quantity" display="right" order="180">
            <widget type="number" fieldname="cantidad" />
        </column>
        <column name="movements" display="right" order="190">
            <widget type="number" fieldname="total_movimientos" />
        </column>
        <column name="difference" display="none" order="200">
            <widget type="number" fieldname="falta_sobra">
                <option color="success">gt::0</option>
                <option color="warning">lte::0</option>
            </widget>
        </column>
        <column name="cost-price" display="right" order="210">
            <widget type="money" fieldname="coste" />
        </column>
        <column name="price" order="220">
            <widget type="money" fieldname="precio" />
        </column>
        <column name="total-cost" display="right" order="230">
            <widget type="money" fieldname="total_coste" />
        </column>
        <column name="total-price" display="right" order="240">
            <widget type="money" fieldname="total_precio" />
        </column>
    </columns>
    <rows>
        <row type="status">
            <option color="danger" title="locked" fieldname="bloqueado">1</option>
            <option color="info" title="no-stock" fieldname="nostock">1</option>
        </row>
    </rows>
</view>