<?xml version="1.0" encoding="UTF-8"?>
<table>
    <column>
        <name>address</name>
        <type>character varying(100)</type>
    </column>
    <column>
        <name>cifnif</name>
        <type>character varying(30)</type>
    </column>
    <column>
        <name>city</name>
        <type>character varying(100)</type>
    </column>
    <column>
        <name>codalmacen</name>
        <type>character varying(4)</type>
    </column>
    <column>
        <name>codserie</name>
        <type>character varying(4)</type>
    </column>
    <column>
        <name>company</name>
        <type>character varying(100)</type>
    </column>
    <column>
        <name>country</name>
        <type>character varying(20)</type>
    </column>
    <column>
        <name>creationdate</name>
        <type>timestamp</type>
    </column>
    <column>
        <name>discountaxex</name>
        <type>double precision</type>
    </column>
    <column>
        <name>discountaxin</name>
        <type>double precision</type>
    </column>
    <column>
        <name>email</name>
        <type>character varying(100)</type>
    </column>
    <column>
        <name>firstname</name>
        <type>character varying(150)</type>
    </column>
    <column>
        <name>id</name>
        <type>serial</type>
        <null>NO</null>
    </column>
    <column>
        <name>idorder</name>
        <type>integer</type>
        <null>NO</null>
    </column>
    <column>
        <name>idshop</name>
        <type>integer</type>
        <null>NO</null>
    </column>
    <column>
        <name>lastmod</name>
        <type>timestamp</type>
    </column>
    <column>
        <name>lastname</name>
        <type>character varying(150)</type>
    </column>
    <column>
        <name>observations</name>
        <type>text</type>
    </column>
    <column>
        <name>paid</name>
        <type>boolean</type>
    </column>
    <column>
        <name>paymethod</name>
        <type>character varying(100)</type>
    </column>
    <column>
        <name>phone</name>
        <type>character varying(30)</type>
    </column>
    <column>
        <name>postcode</name>
        <type>character varying(10)</type>
    </column>
    <column>
        <name>reference</name>
        <type>character varying(100)</type>
    </column>
    <column>
        <name>shippingpcttax</name>
        <type>double precision</type>
        <default>0</default>
    </column>
    <column>
        <name>shippingtaxex</name>
        <type>double precision</type>
    </column>
    <column>
        <name>shippingtaxin</name>
        <type>double precision</type>
    </column>
    <column>
        <name>state</name>
        <type>character varying(100)</type>
    </column>
    <column>
        <name>status</name>
        <type>character varying(10)</type>
    </column>
    <column>
        <name>totaltaxex</name>
        <type>double precision</type>
    </column>
    <column>
        <name>totaltaxin</name>
        <type>double precision</type>
    </column>
    <column>
        <name>total_wrapping</name>
        <type>double precision</type>
    </column>
    <column>
        <name>total_wrapping_tax_incl</name>
        <type>double precision</type>
    </column>
    <column>
        <name>total_wrapping_tax_excl</name>
        <type>double precision</type>
    </column>
    <column>
        <name>unbalanced</name>
        <type>boolean</type>
    </column>
    <constraint>
        <name>shopeame_orders_pkey</name>
        <type>PRIMARY KEY (id)</type>
    </constraint>
    <constraint>
        <name>unique_shopeame_orders</name>
        <type>UNIQUE (idshop,idorder)</type>
    </constraint>
    <constraint>
        <name>ca_shopeame_orders_shop</name>
        <type>FOREIGN KEY (idshop) REFERENCES shopeame_shops (idshop) ON DELETE CASCADE ON UPDATE CASCADE</type>
    </constraint>
</table>