<?xml version="1.0" encoding="UTF-8"?>
<table>
    <column>
        <name>codsubcuenta</name>
        <type>character varying(15)</type>
        <null>NO</null>
    </column>
    <column>
        <name>creation_date</name>
        <type>timestamp</type>
    </column>
    <column>
        <name>id</name>
        <type>serial</type>
        <null>NO</null>
    </column>
    <column>
        <name>last_nick</name>
        <type>character varying(50)</type>
    </column>
    <column>
        <name>last_update</name>
        <type>timestamp</type>
    </column>
    <column>
        <name>name</name>
        <type>character varying(100)</type>
    </column>
    <column>
        <name>nick</name>
        <type>character varying(50)</type>
    </column>
    <constraint>
        <name>subcuentas_130_pkey</name>
        <type>PRIMARY KEY (id)</type>
    </constraint>
    <constraint>
        <name>ca_subcuentas_130_users_last_nick</name>
        <type>FOREIGN KEY (last_nick) REFERENCES users (nick) ON DELETE SET NULL ON UPDATE CASCADE</type>
    </constraint>
    <constraint>
        <name>ca_subcuentas_130_users_nick</name>
        <type>FOREIGN KEY (nick) REFERENCES users (nick) ON DELETE SET NULL ON UPDATE CASCADE</type>
    </constraint>
    <constraint>
        <name>uniq_subcuentas_130</name>
        <type>UNIQUE (codsubcuenta)</type>
    </constraint>
</table>