<?xml version="1.0" encoding="UTF-8"?>
<!--
 * This file is part of StockAvanzado plugin for FacturaScripts
 * Copyright (C) 2017-2025 Carlos Garcia Gomez <carlos@facturascripts.com>
 *
 * This program is free software: you can redistribute it and/or modify
 * it under the terms of the GNU Lesser General Public License as
 * published by the Free Software Foundation, either version 3 of the
 * License, or (at your option) any later version.
 *
 * This program is distributed in the hope that it will be useful,
 * but WITHOUT ANY WARRANTY; without even the implied warranty of
 * MERCHANTABILITY or FITNESS FOR A PARTICULAR PURPOSE. See the
 * GNU Lesser General Public License for more details.
 *
 * You should have received a copy of the GNU Lesser General Public License
 * along with this program. If not, see <http://www.gnu.org/licenses/>.
 *
 * @author Cristo M. Estévez Hernández  <cristom.estevez@gmail.com>
 * @author Carlos García Gómez          <carlos@facturascripts.com>
-->
<view>
    <columns>
        <group name="data" valign="bottom">
            <column name="id" order="100" display="none">
                <widget type="number" fieldname="idtrans" onclick="EditTransferenciaStock"/>
            </column>
            <column name="codwarehouseorigin" title="origin-warehouse" order="110">
                <widget type="select" fieldname="codalmacenorigen" onclick="EditAlmacen" readonly="dinamic"
                        required="true">
                    <values source="almacenes" fieldcode="codalmacen" fieldtitle="nombre"/>
                </widget>
            </column>
            <column name="codwarehousedestination" title="destination-warehouse" order="120">
                <widget type="select" fieldname="codalmacendestino" onclick="EditAlmacen" readonly="dinamic"
                        required="true">
                    <values source="almacenes" fieldcode="codalmacen" fieldtitle="nombre"/>
                </widget>
            </column>
            <column name="date" order="130">
                <widget type="datetime" fieldname="fecha"/>
            </column>
            <column name="user" order="140">
                <widget type="select" fieldname="nick" onclick="EditUser" readonly="true">
                    <values source="users" fieldcode="nick" fieldtitle="nick"/>
                </widget>
            </column>
            <column name="completed" order="150">
                <widget type="checkbox" fieldname="completed" readonly="true"/>
            </column>
            <column name="observations" order="160" numcolumns="12">
                <widget type="textarea" fieldname="observaciones" title="observations"/>
            </column>
        </group>
    </columns>
</view>