<?xml version="1.0" encoding="UTF-8"?>
<!--
 * This file is part of StockAvanzado plugin for FacturaScripts
 * Copyright (C) 2020-2025 Carlos Garcia Gomez <carlos@facturascripts.com>
 *
 * This program is free software: you can redistribute it and/or modify
 * it under the terms of the GNU Lesser General Public License as
 * published by the Free Software Foundation, either version 3 of the
 * License, or (at your option) any later version.
 *
 * This program is distributed in the hope that it will be useful,
 * but WITHOUT ANY WARRANTY; without even the implied warranty of
 * MERCHANTABILITY or FITNESS FOR A PARTICULAR PURPOSE. See the
 * GNU Lesser General Public License for more details.
 *
 * You should have received a copy of the GNU Lesser General Public License
 * along with this program. If not, see <http://www.gnu.org/licenses/>.
 *
 * @author Carlos García Gómez <carlos@facturascripts.com>
-->
<view>
    <columns>
        <column name="warehouse" order="100">
            <widget type="select" fieldname="codalmacen">
                <values source="almacenes" fieldcode="codalmacen" fieldtitle="nombre"/>
            </widget>
        </column>
        <column name="document" order="110">
            <widget type="string" fieldname="documento"/>
        </column>
        <column name="product" order="120">
            <widget type="autocomplete" fieldname="idproducto" onclick="EditProducto">
                <values source="productos" fieldcode="idproducto" fieldtitle="referencia"/>
            </widget>
        </column>
        <column name="reference" order="125">
            <widget type="string" fieldname="referencia"/>
        </column>
        <column name="quantity" display="right" order="130">
            <widget type="number" fieldname="cantidad"/>
        </column>
        <column name="stock" display="right" order="140">
            <widget type="number" fieldname="saldo"/>
        </column>
        <column name="date" display="right" order="150">
            <widget type="date" fieldname="fecha"/>
        </column>
        <column name="time" display="right" order="160">
            <widget type="time" fieldname="hora"/>
        </column>
    </columns>
    <rows>
        <row type="status">
            <option color="warning" fieldname="docmodel" title="stock-count">ConteoStock</option>
            <option color="success" fieldname="cantidad" title="add">gt:0</option>
            <option color="danger" fieldname="cantidad" title="subtract">lt:0</option>
        </row>
    </rows>
</view>