<?xml version="1.0" encoding="UTF-8"?>
<!--
 * This file is part of Ubicaciones plugin for FacturaScripts.
 * FacturaScripts Copyright (C) 2015-2025 Carlos Garcia Gomez <carlos@facturascripts.com>
 * Ubicaciones    Copyright (C) 2019-2025 Jose Antonio Cuello Principal <yopli2000@gmail.com>
 *
 * This program is free software: you can redistribute it and/or modify
 * it under the terms of the GNU Lesser General Public License as
 * published by the Free Software Foundation, either version 3 of the
 * License, or (at your option) any later version.
 *
 * This program is distributed in the hope that it will be useful,
 * but WITHOUT ANY WARRANTY; without even the implied warranty of
 * MERCHANTABILITY or FITNESS FOR A PARTICULAR PURPOSE. See the
 * GNU Lesser General Public License for more details.
 *
 * You should have received a copy of the GNU Lesser General Public License
 * along with this program. If not, see <http://www.gnu.org/licenses/>.
-->
<view>
    <columns>
        <column name="code" display="none" order="100">
            <widget type="text" fieldname="id" />
        </column>
        <column name="warehouse" order="110">
            <widget type="select" fieldname="codewarehouse">
                <values source="almacenes" fieldcode="codalmacen" fieldtitle="nombre" />
            </widget>
        </column>
        <column name="aisle" order="120">
            <widget type="text" fieldname="aisle" />
        </column>
        <column name="rack" order="130">
            <widget type="text" fieldname="rack" />
        </column>
        <column name="shelf" order="140">
            <widget type="text" fieldname="shelf" />
        </column>
        <column name="drawer" order="140">
            <widget type="text" fieldname="drawer" />
        </column>
        <column name="storage-type" title="type" order="150">
            <widget type="select" fieldname="storagetype" translate="true">
                <values title="storage">0</values>
                <values title="picking">1</values>
            </widget>
        </column>
        <column name="validation-code" display="none" order="160">
            <widget type="text" fieldname="validationcode" />
        </column>
    </columns>
</view>
