<?xml version="1.0" encoding="UTF-8"?>
<!--
    This file is part of InformesEstadisticos plugin for FacturaScripts.
    FacturaScripts        Copyright (C) 2015-2025 Carlos Garcia Gomez <carlos@facturascripts.com>
    InformesEstadisticos  Copyright (C) 2023-2025 Jose Antonio Cuello Principal <yopli2000@gmail.com>

    Document   : EditStatisticSupplier.xml
    Author     : Jose Antonio Cuello Principal <yopli2000@gmail.com>
    Description:
        Structure of the view for a list of statistic of the customers.
-->
<view>
    <columns>
        <group name="basic" numcolumns="12">
            <column name="code" display="none" numcolumns="2" order="100">
                <widget type="number" fieldname="id" required="true" readonly="dinamic" step="1" />
            </column>
            <column name="description" order="110">
                <widget type="text" fieldname="name" required="true" />
            </column>
            <column name="createuser" title="created-by" numcolumns="2" display="none" order="120">
                <widget type="autocomplete" fieldname="nick">
                    <values source="users" fieldcode="nick" fieldtitle="nick"/>
                </widget>
            </column>
        </group>
        <group name="filters" title="filters" numcolumns="12" icon="fa-solid fa-filter">
            <column name="company" numcolumns="2" order="200">
                <widget type="select" fieldname="idcompany">
                    <values source="empresas" fieldcode="idempresa" fieldtitle="nombrecorto" />
                </widget>
            </column>
            <column name="start-date" numcolumns="2" order="210">
                <widget type="date" fieldname="startdate" required="true" />
            </column>
            <column name="end-date" numcolumns="2" order="220">
                <widget type="date" fieldname="enddate" required="true" />
            </column>
            <column name="start-supplier" numcolumns="2" order="240">
                <widget type="text" fieldname="startsupplier" />
            </column>
            <column name="end-supplier" numcolumns="2" order="250">
                <widget type="text" fieldname="endsupplier" />
            </column>
            <column name="supplier-type" title="type" numcolumns="2" order="260">
                <widget type="select" fieldname="suppliertype" translate="true" required="true">
                    <values title="all">0</values>
                    <values title="only-suppliers">1</values>
                    <values title="only-creditors">2</values>
                </widget>
            </column>
            <column name="channel" display="none" numcolumns="1" order="270">
                <widget type="number" fieldname="channel" step="1" />
            </column>
        </group>
        <group name="preferences" title="preferences" numcolumns="12" icon="fa-solid fa-gears" >
            <column name="data-source" numcolumns="2" order="300">
                <widget type="select" fieldname="doctype" translate="true" required="true">
                    <values title="supplier-invoice">0</values>
                    <values title="supplier-delivery-note">1</values>
                    <values title="supplier-order">2</values>
                    <values title="supplier-estimation">3</values>
                </widget>
            </column>
            <column name="format" numcolumns="3" order="310">
                <widget type="select" fieldname="idreport" required="true">
                    <values />
                </widget>
            </column>
            <column name="sort" numcolumns="2" order="320">
                <widget type="select" fieldname="orderfield" translate="true" required="true">
                    <values title="code">0</values>
                    <values title="name">1</values>
                    <values title="current">2</values>
                    <values title="previous">3</values>
                    <values title="difference">4</values>
                </widget>
            </column>
            <column name="direction" numcolumns="2" order="330">
                <widget type="select" fieldname="orderdesc" translate="true" required="true">
                    <values title="ascending">0</values>
                    <values title="descending">1</values>
                </widget>
            </column>
            <column name="limit" title="records" numcolumns="1" order="340">
                <widget type="number" fieldname="orderlimit" step="1" min="0" required="true" />
            </column>
            <column name="with-data" numcolumns="2" order="350">
                <widget type="select" fieldname="withdata" translate="true" required="true">
                    <values title="only-with-data">1</values>
                    <values title="all">0</values>
                </widget>
            </column>
        </group>
    </columns>
</view>
