<?xml version="1.0" encoding="UTF-8"?>
<!--
    This file is part of InformesEstadisticos plugin for FacturaScripts.
    FacturaScripts        Copyright (C) 2015-2025 Carlos Garcia Gomez <carlos@facturascripts.com>
    InformesEstadisticos  Copyright (C) 2023-2025 Jose Antonio Cuello Principal <yopli2000@gmail.com>

    Document   : EdittatisticProduct.xml
    Author     : Jose Antonio Cuello Principal <yopli2000@gmail.com>
    Description:
        Structure of the view for a list of statistic of the products.
-->
<view>
    <columns>
        <group name="basic" numcolumns="12">
            <column name="code" display="none" numcolumns="2" order="100">
                <widget type="number" fieldname="id" required="true" readonly="dinamic" step="1" />
            </column>
            <column name="description" order="110">
                <widget type="text" fieldname="name" required="true" />
            </column>
            <column name="createuser" title="created-by" numcolumns="2" display="none" order="120">
                <widget type="autocomplete" fieldname="nick">
                    <values source="users" fieldcode="nick" fieldtitle="nick"/>
                </widget>
            </column>
        </group>
        <group name="filters" title="filters" numcolumns="12" icon="fa-solid fa-filter">
            <column name="company" numcolumns="2" order="200">
                <widget type="select" fieldname="idcompany">
                    <values source="empresas" fieldcode="idempresa" fieldtitle="nombrecorto" />
                </widget>
            </column>
            <column name="start-date" numcolumns="2" order="210">
                <widget type="date" fieldname="startdate" required="true" />
            </column>
            <column name="end-date" numcolumns="2" order="220">
                <widget type="date" fieldname="enddate" required="true" />
            </column>
            <column name="start-reference" numcolumns="3" order="230">
                <widget type="text" fieldname="startreference" />
            </column>
            <column name="end-reference" numcolumns="3" order="240">
                <widget type="text" fieldname="endreference" />
            </column>
            <column name="customer" numcolumns="3" order="300">
                <widget type="autocomplete" fieldname="idcustomer">
                    <values source="clientes" fieldcode="codcliente" fieldtitle="nombre" />
                </widget>
            </column>
            <column name="customer-group" numcolumns="3" order="310">
                <widget type="autocomplete" fieldname="idgroup">
                    <values source="gruposclientes" fieldcode="codgrupo" fieldtitle="nombre" />
                </widget>
            </column>
            <column name="family" numcolumns="3" order="320">
                <widget type="autocomplete" fieldname="idfamily">
                    <values source="familias" fieldcode="codfamilia" fieldtitle="descripcion" />
                </widget>
            </column>
            <column name="manufacturer" numcolumns="3" order="330">
                <widget type="autocomplete" fieldname="idmanufacturer">
                    <values source="fabricantes" fieldcode="codfabricante" fieldtitle="nombre" />
                </widget>
            </column>
            <column name="active" numcolumns="2" order="400">
                <widget type="select" fieldname="active" translate="true" required="true">
                    <values title="all">0</values>
                    <values title="only-active">1</values>
                    <values title="only-blocked">2</values>
                </widget>
            </column>
            <column name="activity" numcolumns="2" order="410">
                <widget type="select" fieldname="activity" translate="true" required="true">
                    <values title="all">0</values>
                    <values title="only-purchased">1</values>
                    <values title="only-sold">2</values>
                </widget>
            </column>
            <column name="channel" display="none" numcolumns="2" order="420">
                <widget type="number" fieldname="channel" step="1" />
            </column>
        </group>
        <group name="preferences" title="preferences" numcolumns="12" icon="fa-solid fa-gears" >
            <column name="data-source" numcolumns="2" order="300">
                <widget type="select" fieldname="doctype" translate="true" required="true">
                    <values title="customer-invoice">0</values>
                    <values title="customer-delivery-note">1</values>
                    <values title="customer-order">2</values>
                    <values title="customer-estimation">3</values>
                </widget>
            </column>
            <column name="format" numcolumns="3" order="310">
                <widget type="select" fieldname="idreport" required="true">
                    <values />
                </widget>
            </column>
            <column name="sort" numcolumns="2" order="320">
                <widget type="select" fieldname="orderfield" translate="true" required="true">
                    <values title="code">0</values>
                    <values title="name">1</values>
                    <values title="quantity">2</values>
                    <values title="amount">3</values>
                    <values title="benefit">4</values>
                </widget>
            </column>
            <column name="direction" numcolumns="2" order="330">
                <widget type="select" fieldname="orderdesc" translate="true" required="true">
                    <values title="ascending">0</values>
                    <values title="descending">1</values>
                </widget>
            </column>
            <column name="limit" title="records" numcolumns="1" order="340">
                <widget type="number" fieldname="orderlimit" step="1" min="0" required="true" />
            </column>
            <column name="with-data" numcolumns="2" order="350">
                <widget type="select" fieldname="withdata" translate="true" required="true">
                    <values title="only-with-data">1</values>
                    <values title="all">0</values>
                </widget>
            </column>
        </group>
    </columns>
</view>
