<?xml version="1.0" encoding="UTF-8"?>
<!--
    This file is part of InformesEstadisticos plugin for FacturaScripts.
    FacturaScripts        Copyright (C) 2015-2025 Carlos Garcia Gomez <carlos@facturascripts.com>
    InformesEstadisticos  Copyright (C) 2023-2025 Jose Antonio Cuello Principal <yopli2000@gmail.com>

    Document   : EditStatisticAgent.xml
    Author     : Jose Antonio Cuello Principal <yopli2000@gmail.com>
    Description:
        Structure of the view for a list of statistic of the customers.
-->
<view>
    <columns>
        <group name="main" numcolumns="12">
            <column name="code" display="none" numcolumns="2" order="100">
                <widget type="number" fieldname="id" required="true" readonly="dinamic" step="1" />
            </column>
            <column name="group" numcolumns="2" order="110">
                <widget type="select" fieldname="grouptype" translate="true" required="true">
                    <values title="customers">0</values>
                    <values title="agents">1</values>
                    <values title="suppliers">2</values>
                    <values title="products">3</values>
                </widget>
            </column>
            <column name="description" order="120">
                <widget type="text" fieldname="name" required="true" />
            </column>
        </group>
        <group name="configuration" numcolumns="12">
            <column name="model" numcolumns="4" order="130" description="report-model-description">
                <widget type="autocomplete" fieldname="model" required="true">
                    <values source="statistics_reports" fieldcode="model" />
                </widget>
            </column>
            <column name="format" numcolumns="4" order="140" description="report-view-description">
                <widget type="autocomplete" fieldname="format" required="true">
                    <values source="statistics_reports" fieldcode="format" />
                </widget>
            </column>
        </group>
    </columns>
</view>
