<?xml version="1.0" encoding="UTF-8"?>
<!--
    This file is part of InformesEstadisticos plugin for FacturaScripts.
    FacturaScripts        Copyright (C) 2015-2025 Carlos Garcia Gomez <carlos@facturascripts.com>
    InformesEstadisticos  Copyright (C) 2023-2025 Jose Antonio Cuello Principal <yopli2000@gmail.com>

    Document   : ListStatisticProduct.xml
    Author     : Jose Antonio Cuello Principal <yopli2000@gmail.com>
    Description:
        Structure of the view for a list of statistic of the products.
-->
<view>
    <columns>
        <column name="code" display="none" order="100">
            <widget type="text" fieldname="id" />
        </column>
        <column name="data-source" order="110">
            <widget type="select" fieldname="doctype" translate="true">
                <values title="customer-invoice">0</values>
                <values title="customer-delivery-note">1</values>
                <values title="customer-order">2</values>
                <values title="customer-estimation">3</values>
            </widget>
        </column>
        <column name="company" display="none" order="120">
            <widget type="select" fieldname="idcompany">
                <values source="empresas" fieldcode="idempresa" fieldtitle="nombrecorto" />
            </widget>
        </column>
        <column name="channel" display="none" order="130">
            <widget type="text" fieldname="channel" />
        </column>
        <column name="description" order="140">
            <widget type="text" fieldname="name" />
        </column>
        <column name="customer" order="150">
            <widget type="text" fieldname="idcustomer" />
        </column>
        <column name="group" order="160">
            <widget type="text" fieldname="idgroup" />
        </column>
        <column name="family" order="170">
            <widget type="select" fieldname="idfamily">
                <values source="familias" fieldcode="codfamilia" fieldtitle="descripcion" />
            </widget>
        </column>
        <column name="manufacturer" order="180">
            <widget type="select" fieldname="idmanufacturer">
                <values source="fabricantes" fieldcode="codfabricante" fieldtitle="nombre" />
            </widget>
        </column>
        <column name="start-reference" order="190">
            <widget type="text" fieldname="startreference" />
        </column>
        <column name="end-reference" order="200">
            <widget type="text" fieldname="endreference" />
        </column>
        <column name="start-date" display="center" order="210">
            <widget type="date" fieldname="startdate" />
        </column>
        <column name="end-date" display="center" order="220">
            <widget type="date" fieldname="enddate" />
        </column>
        <column name="createuser" title="created-by" display="none" order="200">
            <widget type="text" fieldname="nick" />
        </column>
    </columns>
</view>
