<?xml version="1.0" encoding="UTF-8"?>
<!--
    This file is part of InformesEstadisticos plugin for FacturaScripts.
    FacturaScripts        Copyright (C) 2015-2025 Carlos Garcia Gomez <carlos@facturascripts.com>
    InformesEstadisticos  Copyright (C) 2023-2025 Jose Antonio Cuello Principal <yopli2000@gmail.com>

    Document   : ListStatisticSupplier.xml
    Author     : Jose Antonio Cuello Principal <yopli2000@gmail.com>
    Description:
        Structure of the view for a list of statistic of the supplier.
-->
<view>
    <columns>
        <column name="code" display="none" order="100">
            <widget type="text" fieldname="id" />
        </column>
        <column name="data-source" order="110">
            <widget type="select" fieldname="doctype" translate="true">
                <values title="supplier-invoice">0</values>
                <values title="supplier-delivery-note">1</values>
                <values title="supplier-order">2</values>
                <values title="supplier-estimation">3</values>
            </widget>
        </column>
        <column name="company" display="none" order="120">
            <widget type="select" fieldname="idcompany">
                <values source="empresas" fieldcode="idempresa" fieldtitle="nombrecorto" />
            </widget>
        </column>
        <column name="channel" display="none" order="130">
            <widget type="text" fieldname="channel" />
        </column>
        <column name="description" order="140">
            <widget type="text" fieldname="name" />
        </column>
        <column name="start-supplier" order="160">
            <widget type="text" fieldname="startsupplier" />
        </column>
        <column name="end-supplier" order="170">
            <widget type="text" fieldname="endsupplier" />
        </column>
        <column name="supplier-type" title="type" display="none" order="175">
            <widget type="select" fieldname="suppliertype" translate="true" required="true">
                <values title="all">0</values>
                <values title="only-suppliers">1</values>
                <values title="only-creditors">2</values>
            </widget>
        </column>
        <column name="start-date" display="center" order="180">
            <widget type="date" fieldname="startdate" />
        </column>
        <column name="end-date" display="center" order="190">
            <widget type="date" fieldname="enddate" />
        </column>
        <column name="createuser" title="created-by" display="none" order="200">
            <widget type="text" fieldname="nick" />
        </column>
    </columns>
</view>
