<?xml version="1.0" encoding="UTF-8"?>
<!--
    This file is part of InformesEstadisticos plugin for FacturaScripts.
    FacturaScripts        Copyright (C) 2015-2025 Carlos Garcia Gomez <carlos@facturascripts.com>
    InformesEstadisticos  Copyright (C) 2023-2025 Jose Antonio Cuello Principal <yopli2000@gmail.com>

    Document   : ListStatisticReport.xml
    Author     : Jose Antonio Cuello Principal <yopli2000@gmail.com>
    Description:
        Structure of the view for a list of statistic of the reports.
-->
<view>
    <columns>
        <column name="code" display="none" order="100">
            <widget type="text" fieldname="id" />
        </column>
        <column name="group" order="110">
            <widget type="select" fieldname="grouptype" translate="true">
                <values title="customers">0</values>
                <values title="agents">1</values>
                <values title="suppliers">2</values>
                <values title="products">3</values>
            </widget>
        </column>
        <column name="description" order="120">
            <widget type="text" fieldname="name" />
        </column>
        <column name="model" order="130">
            <widget type="text" fieldname="model" />
        </column>
        <column name="format" order="140">
            <widget type="text" fieldname="format" />
        </column>
    </columns>
</view>
