<?xml version="1.0" encoding="UTF-8"?>
<!--
 * This file is part of Modelo303 plugin for FacturaScripts
 * Copyright (C) 2017-2022 Carlos Garcia Gomez <carlos@facturascripts.com>
 *
 * This program is free software: you can redistribute it and/or modify
 * it under the terms of the GNU Lesser General Public License as
 * published by the Free Software Foundation, either version 3 of the
 * License, or (at your option) any later version.
 *
 * This program is distributed in the hope that it will be useful,
 * but WITHOUT ANY WARRANTY; without even the implied warranty of
 * MERCHANTABILITY or FITNESS FOR A PARTICULAR PURPOSE. See the
 * GNU Lesser General Public License for more details.
 *
 * You should have received a copy of the GNU Lesser General Public License
 * along with this program. If not, see <http://www.gnu.org/licenses/>.
 *
 * @author Carlos García Gómez  <carlos@facturascripts.com>
 * @author Jose Antonio Cuello Principal <yopli2000@gmail.com>
-->
<view>
    <columns>
        <column name="fiscal-exercise" display="none" order="100">
            <widget type="text" fieldname="codejercicio"/>
        </column>
        <column name="subaccount" order="110">
            <widget type="autocomplete" fieldname="idsubcuenta" onclick="EditSubcuenta">
                <values source="subcuentas" fieldcode="idsubcuenta" fieldtitle="codsubcuenta"/>
            </widget>
        </column>
        <column name="special-account" display="none" order="120">
            <widget type="text" fieldname="codcuentaesp"/>
        </column>
        <column name="description" order="130">
            <widget type="textarea" fieldname="descripcion"/>
        </column>
        <column name="tax" display="none" order="140">
            <widget type="text" fieldname="codimpuesto"/>
        </column>
        <column name="tax-base" display="right" order="150">
            <widget type="money" fieldname="baseimponible">
                <option color="danger">lt:0</option>
            </widget>
        </column>
        <column name="pct-vat" display="right" order="160">
            <widget type="number" decimal="2" fieldname="iva"/>
        </column>
        <column name="vat" display="right" order="170">
            <widget type="money" fieldname="cuotaiva">
                <option color="danger">lt:0</option>
            </widget>
        </column>
        <column name="pct-surcharge" display="right" order="180">
            <widget type="number" decimal="2" fieldname="recargo"/>
        </column>
        <column name="surcharge" display="right" order="190">
            <widget type="money" fieldname="cuotarecargo">
                <option color="danger">lt:0</option>
            </widget>
        </column>
        <column name="total" display="right" order="200">
            <widget type="money" fieldname="total">
                <option color="danger">lt:0</option>
            </widget>
        </column>
    </columns>
    <rows>
        <row type="footer">
            <group name="actions"/>
            <group name="summary" html="Block/PartidaImpuestoResumen.html.twig"></group>
        </row>
        <row type="status">
            <option color="warning" fieldname="codcuentaesp">IVASOP</option>
            <option color="success" fieldname="codcuentaesp">IVAREP</option>
        </row>
    </rows>
</view>