<?xml version='1.0' encoding='UTF-8'?>
<!--
    This file is part of InformesEstadisticos plugin for FacturaScripts.
    FacturaScripts        Copyright (C) 2015-2025 Carlos Garcia Gomez <carlos@facturascripts.com>
    InformesEstadisticos  Copyright (C) 2023-2025 Jose Antonio Cuello Principal <yopli2000@gmail.com>

    Document   : statistics_reports.xml
    Author     : Jose Antonio Cuello Principal <yopli2000@gmail.com>
    Description:
        Structure table for the statistics of reports types.
-->

<table>
    <column>
        <name>format</name>
        <type>character varying(50)</type>   <!-- Name of the xml file with the report format -->
        <null>NO</null>
    </column>
    <column>
        <name>grouptype</name>
        <type>integer</type>
        <null>NO</null>
        <default>0</default>        <!-- 0 = customer, 1 = agent, 2 = supplier, 3 = product -->
    </column>
    <column>
        <name>id</name>
        <type>serial</type>
        <null>NO</null>
    </column>
    <column>
        <name>model</name>
        <type>character varying(50)</type>  <!-- Name of the ModelReport class for load data of the report -->
        <null>NO</null>
    </column>
    <column>
        <name>name</name>                   <!-- Description of the report type for humans -->
        <type>character varying(100)</type>
        <null>NO</null>
    </column>
    <constraint>
        <name>statistics_reports_pkey</name>
        <type>PRIMARY KEY (id)</type>
    </constraint>
</table>
