<?xml version='1.0' encoding='UTF-8'?>
<!--
    This file is part of InformesEstadisticos plugin for FacturaScripts.
    FacturaScripts        Copyright (C) 2015-2025 Carlos Garcia Gomez <carlos@facturascripts.com>
    InformesEstadisticos  Copyright (C) 2023-2025 Jose Antonio Cuello Principal <yopli2000@gmail.com>

    Document   : statistics_suppliers.xml
    Author     : Jose Antonio Cuello Principal <yopli2000@gmail.com>
    Description:
        Structure table for the statistics of suppliers.
-->

<table>
    <column>
        <name>channel</name>
        <type>integer</type>
    </column>
    <column>
        <name>doctype</name>
        <type>integer</type>
        <null>NO</null>
        <default>0</default>        <!-- 0 = invoice, 1 = delivery note, 2 = order, 3 = estimation -->
    </column>
    <column>
        <name>endsupplier</name>
        <type>character varying(10)</type>
    </column>
    <column>
        <name>enddate</name>
        <type>date</type>
    </column>
    <column>
        <name>id</name>
        <type>serial</type>
        <null>NO</null>
    </column>
    <column>
        <name>idcompany</name>
        <type>integer</type>
    </column>
    <column>
        <name>idreport</name>
        <type>integer</type>
        <null>NO</null>
    </column>
    <column>
        <name>name</name>
        <type>text</type>
    </column>
    <column>
        <name>nick</name>
        <type>character varying(50)</type>
    </column>
    <column>
        <name>orderdesc</name>
        <type>boolean</type>
    </column>
    <column>
        <name>orderfield</name>
        <type>integer</type>
        <null>NO</null>
        <default>0</default>        <!-- 0 = code, 1 = name, 2 = current, 3 = previous, 4 = difference -->
    </column>
    <column>
        <name>orderlimit</name>
        <type>integer</type>
    </column>
    <column>
        <name>suppliertype</name>
        <type>integer</type>        <!-- 0|null = all, 1 = suppliers, 2 = creditors -->
    </column>
    <column>
        <name>startsupplier</name>
        <type>character varying(10)</type>
    </column>
    <column>
        <name>startdate</name>
        <type>date</type>
    </column>
    <column>
        <name>withdata</name>
        <type>boolean</type>      <!-- 1 = yes, 0 = all -->
    </column>
    <constraint>
        <name>statistics_suppliers_pkey</name>
        <type>PRIMARY KEY (id)</type>
    </constraint>
    <constraint>
        <name>ca_statistics_suppliers_empresas</name>
        <type>FOREIGN KEY (idcompany) REFERENCES empresas (idempresa) ON DELETE CASCADE ON UPDATE CASCADE</type>
    </constraint>
    <constraint>
        <name>ca_statistics_suppliers_users</name>
        <type>FOREIGN KEY (nick) REFERENCES users (nick) ON DELETE SET NULL ON UPDATE CASCADE</type>
    </constraint>
    <constraint>
        <name>ca_statistics_suppliers_reports</name>
        <type>FOREIGN KEY (idreport) REFERENCES statistics_reports (id) ON DELETE CASCADE ON UPDATE CASCADE</type>
    </constraint>
</table>
