<?xml version='1.0' encoding='UTF-8'?>
<!--
    This file is part of InformesEstadisticos plugin for FacturaScripts.
    FacturaScripts        Copyright (C) 2015-2025 Carlos Garcia Gomez <carlos@facturascripts.com>
    InformesEstadisticos  Copyright (C) 2023-2025 Jose Antonio Cuello Principal <yopli2000@gmail.com>

    Document   : statistics_products.xml
    Author     : Jose Antonio Cuello Principal <yopli2000@gmail.com>
    Description:
        Structure table for the statistics of products.
-->

<table>
    <column>
        <name>active</name>
        <type>integer</type>
        <null>NO</null>
        <default>0</default>        <!-- 0 = all, 1 = only active, 2 = only blocked -->
    </column>
    <column>
        <name>activity</name>
        <type>integer</type>
        <null>NO</null>
        <default>0</default>        <!-- 0 = all, 1 = only Buying, 2 = only Selling -->
    </column>
    <column>
        <name>channel</name>
        <type>integer</type>
    </column>
    <column>
        <name>doctype</name>
        <type>integer</type>
        <null>NO</null>
        <default>0</default>        <!-- 0 = invoice, 1 = delivery note, 2 = order, 3 = estimation -->
    </column>
    <column>
        <name>endreference</name>
        <type>character varying(30)</type>
    </column>
    <column>
        <name>enddate</name>
        <type>date</type>
    </column>
    <column>
        <name>id</name>
        <type>serial</type>
        <null>NO</null>
    </column>
    <column>
        <name>idcompany</name>
        <type>integer</type>
    </column>
    <column>
        <name>idcustomer</name>
        <type>character varying(10)</type>
    </column>
    <column>
        <name>idfamily</name>
        <type>character varying(8)</type>
    </column>
    <column>
        <name>idgroup</name>
        <type>character varying(6)</type>
    </column>
    <column>
        <name>idmanufacturer</name>
        <type>character varying(8)</type>
    </column>
    <column>
        <name>idreport</name>
        <type>integer</type>
        <null>NO</null>
    </column>
    <column>
        <name>name</name>
        <type>text</type>
    </column>
    <column>
        <name>nick</name>
        <type>character varying(50)</type>
    </column>
    <column>
        <name>orderdesc</name>
        <type>boolean</type>
    </column>
    <column>
        <name>orderfield</name>
        <type>integer</type>
        <null>NO</null>
        <default>0</default>        <!-- 0 = code, 1 = name, 2 = current, 3 = previous, 4 = difference -->
    </column>
    <column>
        <name>orderlimit</name>
        <type>int</type>
    </column>
    <column>
        <name>startreference</name>
        <type>character varying(30)</type>
    </column>
    <column>
        <name>startdate</name>
        <type>date</type>
    </column>
    <column>
        <name>withdata</name>
        <type>boolean</type>      <!-- 1 = yes, 0 = all -->
    </column>
    <constraint>
        <name>statistics_products_pkey</name>
        <type>PRIMARY KEY (id)</type>
    </constraint>
    <constraint>
        <name>ca_statistics_products_clientes</name>
        <type>FOREIGN KEY (idcustomer) REFERENCES clientes (codcliente) ON DELETE SET NULL ON UPDATE CASCADE</type>
    </constraint>
    <constraint>
        <name>ca_statistics_products_empresas</name>
        <type>FOREIGN KEY (idcompany) REFERENCES empresas (idempresa) ON DELETE CASCADE ON UPDATE CASCADE</type>
    </constraint>
    <constraint>
        <name>ca_statistics_products_familias</name>
        <type>FOREIGN KEY (idfamily) REFERENCES familias (codfamilia) ON DELETE SET NULL ON UPDATE CASCADE</type>
    </constraint>
    <constraint>
        <name>ca_statistics_products_fabricantes</name>
        <type>FOREIGN KEY (idmanufacturer) REFERENCES fabricantes (codfabricante) ON DELETE SET NULL ON UPDATE CASCADE</type>
    </constraint>
    <constraint>
        <name>ca_statistics_products_gruposclientes</name>
        <type>FOREIGN KEY (idgroup) REFERENCES gruposclientes (codgrupo) ON DELETE SET NULL ON UPDATE CASCADE</type>
    </constraint>
    <constraint>
        <name>ca_statistics_products_users</name>
        <type>FOREIGN KEY (nick) REFERENCES users (nick) ON DELETE SET NULL ON UPDATE CASCADE</type>
    </constraint>
    <constraint>
        <name>ca_statistics_products_reports</name>
        <type>FOREIGN KEY (idreport) REFERENCES statistics_reports (id) ON DELETE CASCADE ON UPDATE CASCADE</type>
    </constraint>
</table>
