<?xml version="1.0" encoding="UTF-8"?>
<view>
    <modals>
        <group name="modMasiva" title="mass-modification" icon="fa-solid fa-calculator">
            <column name="type" description="field-and-mass-update-method" numcolumns='12' translate="true">
                <widget type="select" fieldname="ModMasivaTipo" id="ModMasivaTipo" translate="true" required="true">
                    <values title="">Seleccione</values>
                    <values title="cost-fixed-value">cost</values>
                    <values title="cost-value-percentage">cost-percentage</values>
                    <values title="margin-fixed-value">margin</values>
                    <values title="margin-value-percentage">margin-percentage</values>
                    <values title="price-percentage">precio</values>
                    <values title="price-fixed-value">precio-fixed</values>
                    <values title="price-add-fixed-value">precio-add</values>
                    <values title="taxes">codimpuesto</values>
                </widget>
            </column>
            <column name="value" id="ColValue" description="Negative-to-decrease-(only-in-percentages)" numcolumns='12' >
                <widget type="number" fieldname="value" required="true" />
            </column>
            <column name="tax" id="ColTax" titleurl="ListImpuesto" order="130">
                <widget type="select" id="taxes" fieldname="codimpuesto" onclick="EditImpuesto">
                    <values source="impuestos" fieldcode="codimpuesto" fieldtitle="descripcion"/>
                </widget>
            </column>
            <column name="query" display="none" order="140">
                <widget type="text" fieldname="modMasivaquery" value="" />
            </column>
            <column name="filterstatus" display="none" order="140">
                <widget type="text" fieldname="modMasivafilterstatus" value="" />
            </column>
            <column name="filtercodfabricante" display="none" order="140">
                <widget type="text" fieldname="modMasivafiltercodfabricante" value="" />
            </column>
            <column name="filtercodfamilia" display="none" order="140">
                <widget type="text" fieldname="modMasivafiltercodfamilia" value="" />
            </column>
            <column name="filtertipo" display="none" order="140">
                <widget type="text" fieldname="modMasivafiltertipo" value="" />
            </column>
            <column name="filtercodimpuesto" display="none" order="140">
                <widget type="text" fieldname="modMasivafiltercodimpuesto" value="" />
            </column>
            <column name="filterexcepcioniva" display="none" order="140">
                <widget type="text" fieldname="modMasivafilterexcepcioniva" value="" />
            </column>
            <column name="filtermin-price" display="none" order="140">
                <widget type="text" fieldname="modMasivafiltermin-price" value="" />
            </column>
            <column name="filtermax-price" display="none" order="140">
                <widget type="text" fieldname="modMasivafiltermax-price" value="" />
            </column>
            <column name="filtermax-stock" display="none" order="140">
                <widget type="text" fieldname="modMasivafiltermax-stock" value="" />
            </column>
            <column name="filtermin-stock" display="none" order="140">
                <widget type="text" fieldname="modMasivafiltermin-stock" value="" />
            </column>
            <column name="filternostock" display="none" order="140">
                <widget type="text" fieldname="modMasivafilternostock" value="" />
            </column>
            <column name="filterventasinstock" display="none" order="140">
                <widget type="text" fieldname="modMasivafilterventasinstock" value="" />
            </column>
            <column name="filtersecompra" display="none" order="140">
                <widget type="text" fieldname="modMasivafiltersecompra" value="" />
            </column>
            <column name="filtersevende" display="none" order="140">
                <widget type="text" fieldname="modMasivafiltersevende" value="" />
            </column>
            <column name="filterpublico" display="none" order="140">
                <widget type="text" fieldname="modMasivafilterpublico" value="" />
            </column>
            <column name="Total Productos que serán modificados" description="Los cambios se aplicarán en todos estos productos" display="center" order="140" numcolumns="12">
                <widget type="text" fieldname="AplicarA" value="" readonly="true" />
            </column>
            <column name="adv-mod-masiva" order="300">
                <widget type="checkbox" fieldname="confirm" value="false" required="true"/>
            </column>
        </group>
    </modals>
</view>
