<?xml version="1.0" encoding="UTF-8"?>
<view>
    <columns>
        <group name="data" numcolumns="12">
            <column name="description" order="100">
                <widget type="text" fieldname="descripcion" maxlength="150" required="true"/>
            </column>
            <column name="concepto" title="Concepto para el asiento" order="100">
                <widget type="text" fieldname="concepto" maxlength="255" required="true"/>
            </column>
        </group>
    </columns>
</view>