<?xml version="1.0" encoding="UTF-8"?>
<view>
    <columns>
        <column name="idvale" order="100" display="none">
            <widget type="text" fieldname="idvale"/>
        </column>
        <column name="barcode"  title="Codigo Barras" order="110" display="center">
            <widget type="character varying(100)" fieldname="barcode" />
        </column>
        <column name="activo"  title="Activo" order="120" display="center">
            <widget type="checkbox" fieldname="activo" />
        </column>
        <column name="importe"  title="Importe" order="130" display="center">
            <widget type="money" fieldname="importe" />
        </column>
        <column name="saldo"  title="Saldo" order="140" display="center">
            <widget type="money" fieldname="saldo" />
        </column>
        <column name="fecha_creacion"  title="Fecha Creación" order="150" display="center">
            <widget type="date" fieldname="fecha_creacion" />
        </column>
        <column name="nick" order="160" display="none">
            <widget type="text" fieldname="nick"/>
        </column>
        <column name="idfactura_creacion"  title="Factura Origen" order="170" display="center">
          <widget type="autocomplete" fieldname="idfactura_creacion" required="" onclick="EditFacturaCliente">
                    <values source="facturascli" fieldcode="idfactura" fieldtitle="codigo"/>
                </widget>  
        </column>
        <column name="idalbaran_creacion"  title="Albaran Origen" order="180" display="none">
          <widget type="autocomplete" fieldname="idalbaran_creacion" required="" onclick="EditAlbaranCliente">
                    <values source="albaranescli" fieldcode="idalbaran" fieldtitle="codigo"/>
                </widget>  
        </column>
        <column name="idtpv_creacion"  title="Terminal Origen" order="190" display="center">
          <widget type="autocomplete" fieldname="idtpv_creacion" required="" onclick="EditTpvTerminal">
                    <values source="tpvsneo" fieldcode="idtpv" fieldtitle="name"/>
                </widget>  
        </column>  
                <column name="idcaja_creacion"  title="Caja Origen" order="200" display="center">
          <widget type="autocomplete" fieldname="idcaja_creacion" required="" onclick="EditTpvCaja">
                    <values source="tpvsneo_cajas" fieldcode="idcaja" fieldtitle="CONCAT(DATE_FORMAT(fechaini, '%H:%i'),' - ',IFNULL(DATE_FORMAT(fechafin, '%H:%i'), 'Abierta'))"/>
                </widget>  
        </column>
              

        <column name="fecha_uso"  title="Fecha Uso" order="205" display="center">
            <widget type="datetime" fieldname="fecha_uso" />
        </column>
        <column name="idfactura_uso"  title="Factura Uso" order="210" display="center">
             <widget type="autocomplete" fieldname="idfactura_uso" required="" onclick="EditFacturaCliente">
                    <values source="facturascli" fieldcode="idfactura" fieldtitle="codigo"/>
                </widget>  
        </column>
        <column name="idalbaran_uso"  title="Albaran Uso" order="220" display="none">
          <widget type="autocomplete" fieldname="idalbaran_uso" required="" onclick="EditAlbaranCliente">
                    <values source="albaranescli" fieldcode="idalbaran" fieldtitle="codigo"/>
                </widget>  
        </column>        
        <column name="idtpv_uso"  title="Terminal Uso" order="230" display="center">
          <widget type="autocomplete" fieldname="idtpv_uso" required="" onclick="EditTpvTerminal">
                    <values source="tpvsneo" fieldcode="idtpv" fieldtitle="name"/>
                </widget>  
        </column>  
                <column name="idcaja_uso"  title="Caja Uso" order="240" display="center">
          <widget type="autocomplete" fieldname="idcaja_uso" required="" onclick="EditTpvCaja">
                    <values source="tpvsneo_cajas" fieldcode="idcaja" fieldtitle="CONCAT(DATE_FORMAT(fechaini, '%H:%i'),' - ',IFNULL(DATE_FORMAT(fechafin, '%H:%i'), 'Abierta'))"/>
                </widget>  
        </column>
        <column name="nick uso" order="260" display="none">
            <widget type="text" fieldname="nick_uso"/>
        </column>
    </columns>
</view>
