<?xml version="1.0" encoding="UTF-8"?>
<!--
    This file is part of HumanResources plugin for FacturaScripts.
    FacturaScripts  Copyright (C) 2015-2025 Carlos Garcia Gomez <carlos@facturascripts.com>
    HumanResources  Copyright (C) 2018-2025 Jose Antonio Cuello Principal <yopli2000@gmail.com>

    This program and its files are under the terms of the license specified in the LICENSE file.

    Document   : EditEmployeeCourse.xml
    Author     : Jose Antonio Cuello    <yopli2000@gmail.com>
    Description:
        Initial description for the controller EditEmployeeCourse
-->
<view>
    <columns>
        <group name="data" numcolumns="12">
            <column name="code" display="none" numcolumns="2" order="100">
                <widget type="text" fieldname="id" />
            </column>
            <column name="employee" order="100">
                <widget type="autocomplete" fieldname="idemployee" required="true">
                    <values source="rrhh_employees" fieldcode="id" fieldtitle="nombre" />
                </widget>
            </column>
            <column name="course" order="130">
                <widget type="autocomplete" fieldname="idcourse" required="true">
                    <values source="rrhh_coursestrainings" fieldcode="id" fieldtitle="name" />
                </widget>
            </column>
            <column name="starting-date" numcolumns="3" order="130">
                <widget type="date" fieldname="startdate" icon="fa-solid fa-sign-in-alt" />
            </column>
            <column name="end-date" numcolumns="3" order="140">
                <widget type="date" fieldname="enddate" icon="fa-solid fa-sign-out-alt" />
            </column>
            <column name="amount" numcolumns="2" order="150">
                <widget type="money" fieldname="amount" />
            </column>
        </group>
    </columns>
</view>
