<?xml version="1.0" encoding="UTF-8"?>
<!--
    This file is part of HumanResources plugin for FacturaScripts.
    FacturaScripts  Copyright (C) 2015-2025 Carlos Garcia Gomez <carlos@facturascripts.com>
    HumanResources  Copyright (C) 2018-2025 Jose Antonio Cuello Principal <yopli2000@gmail.com>

    This program and its files are under the terms of the license specified in the LICENSE file.

    Document   : EditCourseCost.xml
    Author     : Jose Antonio Cuello    <yopli2000@gmail.com>
    Description:
        Initial description for the controller EditCourseCost
-->
<view>
    <columns>
        <group name="id" numcolumns="12" >
            <column name="code" numcolumns="2" display="none" order="100">
                <widget type="text" fieldname="id" readonly="true" />
            </column>
            <column name="name" numcolumns="3" order="110">
                <widget type="text" fieldname="name" required="true" />
            </column>
        </group>
        <group name="other" numcolumns="12" >
            <column name="description" numcolumns="12" order="100">
                <widget type="textarea" fieldname="note" rows="5" icon="fa-solid fa-sticky-note" />
            </column>
        </group>
    </columns>
</view>