<?xml version="1.0" encoding="UTF-8"?>
<!--
    This file is part of HumanResources plugin for FacturaScripts.
    FacturaScripts  Copyright (C) 2015-2025 Carlos Garcia Gomez <carlos@facturascripts.com>
    HumanResources  Copyright (C) 2018-2025 Jose Antonio Cuello Principal <yopli2000@gmail.com>

    This program and its files are under the terms of the license specified in the LICENSE file.

    Document   : ListEmployeeHoliday.xml
    Author     : Jose Antonio Cuello    <yopli2000@gmail.com>
    Description:
        Initial description for the controller ListEmployeeHoliday
-->
<view>
    <columns>
        <column name="code" order="100">
            <widget type="text" fieldname="id" />
        </column>
        <column name="employee" order="110">
            <widget type="select" fieldname="idemployee">
                <values source="rrhh_employees" fieldcode="id" fieldtitle="nombre" />
            </widget>
        </column>
        <column name="starting-date" order="120">
            <widget type="date" fieldname="startdate" />
        </column>
        <column name="end-date" order="130">
            <widget type="date" fieldname="enddate" />
        </column>
        <column name="totaldays" display="center" order="140">
            <widget type="number" decimal="0" fieldname="totaldays" />
        </column>
        <column name="apply-to" display="center" order="150">
            <widget type="number" decimal="0" fieldname="applyto" />
        </column>
        <column name="notes" order="160">
            <widget type="text" fieldname="note" />
        </column>
    </columns>
    <rows>
        <row type="status" fieldname="authorized">
            <option title="pending-authorization" color="danger">0</option>
        </row>
    </rows>
</view>
