<?xml version="1.0" encoding="UTF-8"?>
<!--
 * 'This file is part of Informes plugin for FacturaScripts
 * Copyright (C) 2022-2023 Carlos Garcia Gomez <carlos@facturascripts.com>
 *
 * This program is free software: you can redistribute it and/or modify
 * it under the terms of the GNU Lesser General Public License as
 * published by the Free Software Foundation, either version 3 of the
 * License, or (at your option) any later version.
 *
 * This program is distributed in the hope that it will be useful,
 * but WITHOUT ANY WARRANTY; without even the implied warranty of
 * MERCHANTABILITY or FITNESS FOR A PARTICULAR PURPOSE. See the
 * GNU Lesser General Public License for more details.
 *
 * You should have received a copy of the GNU Lesser General Public License
 * along with this program. If not, see <http://www.gnu.org/licenses/>.
 *
 * @author Daniel Fernández Giménez <hola@danielfg.es>
-->
<view>
    <columns>
        <group name="data" numcolumns="12">
            <column name="id" display="none" order="0">
                <widget type="text" fieldname="id"/>
            </column>
            <column name="board" display="none" order="10">
                <widget type="text" fieldname="idreportboard"/>
            </column>
            <column name="report" order="100">
                <widget type="select" fieldname="idreport" onclick="EditReport" readonly="dinamic" required="true">
                    <values source="reports" fieldcode="id" fieldtitle="name"/>
                </widget>
            </column>
            <column name="width" numcolumns="2" order="120">
                <widget type="number" fieldname="columns" min="2" max="12" step="0" required="true"/>
            </column>
            <column name="height" numcolumns="2" description="pixels" order="130">
                <widget type="number" fieldname="height" min="100" step="0" required="true"/>
            </column>
            <column name="sort" numcolumns="2" order="140">
                <widget type="number" min="0" decimal="0" fieldname="sort"/>
            </column>
        </group>
    </columns>
</view>