<?xml version="1.0" encoding="UTF-8"?>
<table>
    <column>
        <name>idfichajes</name>
        <type>serial</type>
        <null>NO</null>
    </column>
    <column>
        <name>entrada</name>
        <type>time</type>
    </column>
    <column>
        <name>salida</name>
        <type>time</type>
    </column>
    <column>
        <name>fecha</name>
        <type>date</type>
    </column>
    <column>
        <name>motivo</name>
        <type>text</type>
    </column>
    <column>
        <name>horas</name>
        <type>double precision</type>
    </column>
    <column>
        <name>coordenadas_entrada</name>
        <type>character varying(100)</type>
    </column>
    <column>
        <name>coordenadas_salida</name>
        <type>character varying(100)</type>
    </column>
    <column>
        <name>tipo</name>
        <type>character varying(100)</type>
    </column>
    <column>
        <name>usuario</name>
        <type>character varying(100)</type>
    </column>
    <column>
        <name>nick</name>
        <type>character varying(100)</type>
    </column>
        <column>
        <name>codagente</name>
        <type>character varying(10)</type>
    </column>
    <constraint>
        <name>registro_horarios_pkey</name>
        <type>PRIMARY KEY (idfichajes)</type>
    </constraint>
</table>
