<?xml version="1.0" encoding="UTF-8"?>
<table>
    <column>
        <name>amount</name>
        <type>double precision</type>
        <null>NO</null>
        <default>0</default>
    </column>
    <column>
        <name>codagente</name>
        <type>character varying(10)</type>
    </column>
    <column>
        <name>creationdate</name>
        <type>timestamp</type>
        <null>NO</null>
    </column>
    <column>
        <name>id</name>
        <type>serial</type>
        <null>NO</null>
    </column>
    <column>
        <name>idasiento</name>
        <type>integer</type>
    </column>
    <column>
        <name>idcaja</name>
        <type>integer</type>
    </column>
    <column>
        <name>idtpv</name>
        <type>integer</type>
    </column>
    <column>
        <name>lastnick</name>
        <type>character varying(50)</type>
    </column>
    <column>
        <name>lastupdate</name>
        <type>timestamp</type>
    </column>
    <column>
        <name>motive</name>
        <type>character varying(250)</type>
        <null>NO</null>
    </column>
    <column>
        <name>nick</name>
        <type>character varying(50)</type>
    </column>
    <constraint>
        <name>tpvsneo_movimientos_pkey</name>
        <type>PRIMARY KEY (id)</type>
    </constraint>
    <constraint>
        <name>ca_tpvsneo_movimientos_users_lastnick</name>
        <type>FOREIGN KEY (lastnick) REFERENCES users (nick) ON DELETE SET NULL ON UPDATE CASCADE</type>
    </constraint>
    <constraint>
        <name>ca_tpvsneo_movimientos_users_nick</name>
        <type>FOREIGN KEY (nick) REFERENCES users (nick) ON DELETE SET NULL ON UPDATE CASCADE</type>
    </constraint>
    <constraint>
        <name>ca_tpvsneo_movimientos_agentes</name>
        <type>FOREIGN KEY (codagente) REFERENCES agentes (codagente) ON DELETE RESTRICT ON UPDATE CASCADE</type>
    </constraint>
    <constraint>
        <name>ca_tpvsneo_movimientos_tpvsneo_cajas</name>
        <type>FOREIGN KEY (idcaja) REFERENCES tpvsneo_cajas (idcaja) ON DELETE CASCADE ON UPDATE CASCADE</type>
    </constraint>
    <constraint>
        <name>ca_tpvsneo_movimientos_tpvsneo</name>
        <type>FOREIGN KEY (idtpv) REFERENCES tpvsneo (idtpv) ON DELETE CASCADE ON UPDATE CASCADE</type>
    </constraint>
    <constraint>
        <name>ca_tpvsneo_movimientos_asientos</name>
        <type>FOREIGN KEY (idasiento) REFERENCES asientos (idasiento) ON DELETE SET NULL ON UPDATE CASCADE</type>
    </constraint>
</table>