<?xml version='1.0' encoding='UTF-8'?>
<!--
    This file is part of ProductoPack plugin for FacturaScripts.
    Copyright (C) 2019-2025 Jose Antonio Cuello Principal <yopli2000@gmail.com>

    Document   : productopack_preparation.xml
    Author     : Jose Antonio Cuello Principal
    Description:
        Structure for preparation information table.
-->
<table>
    <column>
        <name>id</name>
        <type>serial</type>
        <null>NO</null>
    </column>
    <column>
        <name>iddocline</name>
        <type>integer</type>
        <null>NO</null>
    </column>
    <column>
        <name>idpack</name>
        <type>integer</type>
        <null>NO</null>
    </column>
    <column>
        <name>idpackline</name>
        <type>integer</type>
        <null>NO</null>
    </column>
    <column>
        <name>modelname</name>
        <type>character varying(50)</type>
        <null>NO</null>
    </column>
    <column>
        <name>prepareinfo</name>
        <type>character varying(13)</type>
        <null>NO</null>
    </column>
    <column>
        <name>reference</name>
        <type>character varying(30)</type>
        <null>NO</null>
    </column>
    <column>
        <name>preparemin</name>
        <type>integer</type>
        <default>0</default>
    </column>
    <column>
        <name>required</name>
        <type>boolean</type>
    </column>
    <constraint>
        <name>productopackpreparation_pkey</name>
        <type>PRIMARY KEY (id)</type>
    </constraint>
    <constraint>
        <name>ca_productopackpreparation_pack</name>
        <type>FOREIGN KEY (idpack) REFERENCES productopack_pack (id) ON DELETE CASCADE ON UPDATE CASCADE</type>
    </constraint>
    <constraint>
        <name>ca_productopackpreparation_packline</name>
        <type>FOREIGN KEY (idpackline) REFERENCES productopack_packlines (id) ON DELETE CASCADE ON UPDATE CASCADE</type>
    </constraint>
    <constraint>
        <name>ca_productopackpreparation_variants</name>
        <type>FOREIGN KEY (reference) REFERENCES variantes (referencia) ON DELETE CASCADE ON UPDATE CASCADE</type>
    </constraint>
    <constraint>
        <name>uniq_productopackpreparation_1</name>
        <type>UNIQUE (iddocline,modelname)</type>
    </constraint>
    <constraint>
        <name>uniq_productopackpreparation_2</name>
        <type>UNIQUE (prepareinfo,iddocline,modelname)</type>
    </constraint>
</table>
