<?xml version='1.0' encoding='UTF-8'?>
<!--
    This file is part of ProductoPack plugin for FacturaScripts.
    Copyright (C) 2019-2025 Jose Antonio Cuello Principal <yopli2000@gmail.com>

    Document   : productopack_packlines.xml
    Author     : Jose Antonio Cuello Principal
    Description:
        Structure for the variant pack lines table.
-->
<table>
    <column>
        <name>discount</name>
        <type>double precision</type>
    </column>
    <column>
        <name>id</name>
        <type>serial</type>
        <null>NO</null>
    </column>
    <column>
        <name>idpack</name>
        <type>integer</type>
        <null>NO</null>
    </column>
    <column>
        <name>quantity</name>
        <type>double precision</type>
        <null>NO</null>
        <default>1</default>
    </column>
    <column>
        <name>parent</name>
        <type>character varying(30)</type>
    </column>
    <column>
        <name>reference</name>
        <type>character varying(30)</type>
        <null>NO</null>
    </column>
    <column>
        <name>required</name>
        <type>boolean</type>
    </column>
    <column>
        <name>sortnum</name>
        <type>integer</type>
    </column>
    <constraint>
        <name>productopacklines_pkey</name>
        <type>PRIMARY KEY (id)</type>
    </constraint>
    <constraint>
        <name>ca_productopacklines_pack</name>
        <type>FOREIGN KEY (idpack) REFERENCES productopack_pack (id) ON DELETE CASCADE ON UPDATE CASCADE</type>
    </constraint>
    <constraint>
        <name>ca_productopacklines_variants</name>
        <type>FOREIGN KEY (reference) REFERENCES variantes (referencia) ON DELETE RESTRICT ON UPDATE CASCADE</type>
    </constraint>
    <constraint>
        <name>uniq_productopacklines</name>
        <type>UNIQUE (idpack,reference)</type>
    </constraint>
</table>
