<?xml version="1.0" encoding="UTF-8"?>
<!--
    Document   : comisiones.xml
    Author     : Jose Antonio Cuello Principal <yopli2000@gmail.com>
    Description: Estructura para la tabla comisiones.
-->
<table>
    <column>
        <name>codagente</name>
        <type>character varying(10)</type>
    </column>
    <column>
        <name>codcliente</name>
        <type>character varying(10)</type>
    </column>
    <column>
        <name>codfamilia</name>
        <type>character varying(8)</type>
    </column>
    <column>
        <name>idcomision</name>
        <type>serial</type>
        <null>NO</null>
    </column>
    <column>
        <name>idempresa</name>
        <type>integer</type>
        <null>NO</null>
    </column>
    <column>
        <name>idproducto</name>
        <type>integer</type>
    </column>
    <column>
        <name>porcentaje</name>
        <type>double precision</type>
        <default>0</default>
    </column>
    <column>
        <name>prioridad</name>
        <type>integer</type>
        <default>0</default>
    </column>
    <constraint>
        <name>commisiones_pkey</name>
        <type>PRIMARY KEY (idcomision)</type>
    </constraint>
    <constraint>
        <name>ca_comisiones_agentes</name>
        <type>FOREIGN KEY (codagente) REFERENCES agentes (codagente) ON DELETE CASCADE ON UPDATE CASCADE</type>
    </constraint>
    <constraint>
        <name>ca_comisiones_clientes</name>
        <type>FOREIGN KEY (codcliente) REFERENCES clientes (codcliente) ON DELETE CASCADE ON UPDATE CASCADE</type>
    </constraint>
    <constraint>
        <name>ca_comisiones_empresas</name>
        <type>FOREIGN KEY (idempresa) REFERENCES empresas (idempresa) ON DELETE CASCADE ON UPDATE CASCADE</type>
    </constraint>
    <constraint>
        <name>ca_comisiones_familias</name>
        <type>FOREIGN KEY (codfamilia) REFERENCES familias (codfamilia) ON DELETE CASCADE ON UPDATE CASCADE</type>
    </constraint>
    <constraint>
        <name>ca_comisiones_productos</name>
        <type>FOREIGN KEY (idproducto) REFERENCES productos (idproducto) ON DELETE CASCADE ON UPDATE CASCADE</type>
    </constraint>
</table>
