<?xml version="1.0" encoding="UTF-8"?>
<table>
    <column>
        <name>content</name>
        <type>text</type>
        <null>NO</null>
    </column>
    <column>
        <name>creation_date</name>
        <type>timestamp</type>
        <null>NO</null>
    </column>
    <column>
        <name>id</name>
        <type>serial</type>
        <null>NO</null>
    </column>
    <column>
        <name>last_nick</name>
        <type>character varying(50)</type>
    </column>
    <column>
        <name>last_update</name>
        <type>timestamp</type>
    </column>
    <column>
        <name>name</name>
        <type>character varying(100)</type>
    </column>
    <column>
        <name>nick</name>
        <type>character varying(50)</type>
    </column>
    <column>
        <name>num_emails</name>
        <type>integer</type>
    </column>
    <column>
        <name>num_sent</name>
        <type>integer</type>
    </column>
    <column>
        <name>status</name>
        <type>integer</type>
        <default>0</default>
    </column>
    <column>
        <name>send_end_hour</name>
        <type>integer</type>
    </column>
    <column>
        <name>send_start_hour</name>
        <type>integer</type>
    </column>
    <column>
        <name>subject</name>
        <type>character varying(200)</type>
        <null>NO</null>
    </column>
    <constraint>
        <name>crm_campaigns_pkey</name>
        <type>PRIMARY KEY (id)</type>
    </constraint>
    <constraint>
        <name>ca_crm_campaigns_last_nick</name>
        <type>FOREIGN KEY (last_nick) REFERENCES users (nick) ON DELETE SET NULL ON UPDATE CASCADE</type>
    </constraint>
    <constraint>
        <name>ca_crm_campaigns_nick</name>
        <type>FOREIGN KEY (nick) REFERENCES users (nick) ON DELETE SET NULL ON UPDATE CASCADE</type>
    </constraint>
</table>