<?xml version="1.0" encoding="UTF-8"?>
<!--
    Document   : crm_oportunidades_estados.xml
    Description:
        Estructura de la tabla crm_oportunidades_estados.
-->
<table>
    <column>
        <name>color</name>
        <type>character varying(10)</type>
    </column>
    <column>
        <name>editable</name>
        <type>boolean</type>
    </column>
    <column>
        <name>icon</name>
        <type>character varying(50)</type>
    </column>
    <column>
        <name>id</name>
        <type>serial</type>
        <null>NO</null>
    </column>
    <column>
        <name>nombre</name>
        <type>character varying(50)</type>
        <null>NO</null>
    </column>
    <column>
        <name>orden</name>
        <type>integer</type>
        <null>NO</null>
    </column>
    <column>
        <name>predeterminado</name>
        <type>boolean</type>
    </column>
    <column>
        <name>rechazado</name>
        <type>boolean</type>
    </column>
    <column>
        <name>tab</name>
        <type>boolean</type>
        <default>true</default>
    </column>
    <constraint>
        <name>crm_oportunidades_estados_pkey</name>
        <type>PRIMARY KEY (id)</type>
    </constraint>
</table>