<?xml version="1.0" encoding="UTF-8"?>
<!--
    Document   : crm_listas_contactos.xml
    Description:
        Estructura de la tabla crm_listas_contactos.
-->
<table>
    <column>
        <name>fecha</name>
        <type>date</type>
    </column>
    <column>
        <name>id</name>
        <type>serial</type>
        <null>NO</null>
    </column>
    <column>
        <name>idcontacto</name>
        <type>integer</type>
        <null>NO</null>
    </column>
    <column>
        <name>idlista</name>
        <type>integer</type>
        <null>NO</null>
    </column>
    <constraint>
        <name>crm_listas_contactos_pkey</name>
        <type>PRIMARY KEY (id)</type>
    </constraint>
    <constraint>
        <name>ca_crm_listas_contactos</name>
        <type>FOREIGN KEY (idcontacto) REFERENCES contactos (idcontacto) ON DELETE CASCADE ON UPDATE CASCADE</type>
    </constraint>
    <constraint>
        <name>ca_crm_listas_lista</name>
        <type>FOREIGN KEY (idlista) REFERENCES crm_listas (id) ON DELETE CASCADE ON UPDATE CASCADE</type>
    </constraint>
    <constraint>
        <name>uniq_crm_listas_contactos</name>
        <type>UNIQUE (idcontacto,idlista)</type>
    </constraint>
</table>