<?xml version="1.0" encoding="UTF-8"?>
<!--
 * 'This file is part of Informes plugin for FacturaScripts
 * Copyright (C) 2022-2025 Carlos Garcia Gomez <carlos@facturascripts.com>
 *
 * This program is free software: you can redistribute it and/or modify
 * it under the terms of the GNU Lesser General Public License as
 * published by the Free Software Foundation, either version 3 of the
 * License, or (at your option) any later version.
 *
 * This program is distributed in the hope that it will be useful,
 * but WITHOUT ANY WARRANTY; without even the implied warranty of
 * MERCHANTABILITY or FITNESS FOR A PARTICULAR PURPOSE. See the
 * GNU Lesser General Public License for more details.
 *
 * You should have received a copy of the GNU Lesser General Public License
 * along with this program. If not, see <http://www.gnu.org/licenses/>.
 *
 * @author Daniel Fernández Giménez <hola@danielfg.es>
-->
<view>
    <columns>
        <column name="id" display="none" order="100">
            <widget type="text" fieldname="id"/>
        </column>
        <column name="name" order="110">
            <widget type="text" fieldname="name"/>
        </column>
        <column name="tag" display="none" order="120">
            <widget type="text" fieldname="tag"/>
        </column>
        <column name="creation-date" display="right" order="130">
            <widget type="datetime" fieldname="creationdate"/>
        </column>
    </columns>
    <rows>
        <row type="status">
            <option color="success" fieldname="featured" title="featured">1</option>
        </row>
    </rows>
</view>