<?xml version="1.0" encoding="UTF-8"?>
<!--
 * This file is part of ProductoPack plugin for FacturaScripts.
 * FacturaScripts Copyright (C) 2015-2025 Carlos Garcia Gomez <carlos@facturascripts.com>
 * ProductoPack   Copyright (C) 2019-2025 Jose Antonio Cuello Principal <yopli2000@gmail.com>
 *
 * This program and its files are under the terms of the license specified in the LICENSE file.
-->
<view>
    <columns>
        <group name="data" numcolumns="12" valign="bottom">
            <column name="code" display="none" order="100">
                <widget type="text" fieldname="id" />
            </column>
            <column name="pack" display="none" order="110">
                <widget type="text" fieldname="idpack" />
            </column>
            <column name="reference" numcolumns="2" order="110">
                <widget type="autocomplete" fieldname="reference" required="true">
                    <values source="Variante" fieldcode="referencia" />
                </widget>
            </column>
            <column name="product" order="120">
                <widget type="text" fieldname="description" readonly="true" />
            </column>
            <column name="quantity" numcolumns="1" order="160">
                <widget type="number" fieldname="quantity" required="true" />
            </column>
            <column name="discount" title="dto" numcolumns="1" order="165">
                <widget type="number" fieldname="discount" min="0" max="100" step="1" />
            </column>
            <column name="sort" numcolumns="1" order="170">
                <widget type="number" fieldname="sortnum" min="0" max="999" step="1" />
            </column>
            <column name="required" numcolumns="2" display="none" order="180">
                <widget type="checkbox" fieldname="required"  />
            </column>
        </group>
    </columns>
</view>
