<?xml version="1.0" encoding="UTF-8"?>
<!--
 * This file is part of ProductoPack plugin for FacturaScripts.
 * FacturaScripts Copyright (C) 2015-2025 Carlos Garcia Gomez <carlos@facturascripts.com>
 * ProductoPack   Copyright (C) 2019-2025 Jose Antonio Cuello Principal <yopli2000@gmail.com>
 *
 * This program and its files are under the terms of the license specified in the LICENSE file.
-->
<view>
    <columns>
        <group name="main">
            <column name="code" display="none" order="100">
                <widget type="text" fieldname="id" readonly="true" />
            </column>
            <column name="product-code" display="none" order="100">
                <widget type="text" fieldname="idproduct" readonly="true" />
            </column>
            <column name="product" numcolumns="3" order="110">
                <widget type="text" fieldname="productdescription" readonly="true" />
            </column>
            <column name="reference" title="variant" numcolumns="2" order="120">
                <widget type="select" fieldname="reference" readonly="dinamic" required="true">
                    <values />
                </widget>
            </column>
            <column name="name" title="description" order="130">
                <widget type="text" fieldname="name" />
            </column>
            <column name="prepare-min" title="prepare-min-pct" display="none" numcolumns="2" order="140">
                <widget type="number" fieldname="preparemin" step="1" max="100" />
            </column>
        </group>
    </columns>
    <modals>
        <group name="copy-pack" title="copy-pack" icon="fa-regular fa-rectangle-list">
            <column name="code" display="none">
                <widget type="text" fieldname="id" readonly="true" />
            </column>
            <column name="pack" numcolumns="12">
                <widget type="autocomplete" fieldname="source_pack" required="true">
                    <values source="productopack_pack" fieldcode="id" fieldtitle="name" />
                </widget>
            </column>
        </group>
    </modals>
</view>
