<?xml version="1.0" encoding="UTF-8"?>
<!--
 * This file is part of ProductoPack plugin for FacturaScripts.
 * FacturaScripts Copyright (C) 2015-2025 Carlos Garcia Gomez <carlos@facturascripts.com>
 * ProductoPack   Copyright (C) 2019-2025 Jose Antonio Cuello Principal <yopli2000@gmail.com>
 *
 * This program and its files are under the terms of the license specified in the LICENSE file.
-->
<view>
    <columns>
        <group name="main">
            <column name="code" display="none" order="100">
                <widget type="text" fieldname="id" readonly="true" />
            </column>
            <column name="apply" numcolumns="2" order="110">
                <widget type="select" fieldname="applyto" translate="true" required="true">
                    <values title="always">0</values>
                    <values title="sales-docs">1</values>
                    <values title="purchases-docs">2</values>
                </widget>
            </column>
            <column name="product-pack-is" order="120">
                <widget type="select" fieldname="isbox" translate="true" required="true">
                    <values title="is-item-list">0</values>
                    <values title="is-box-product">1</values>
                </widget>
            </column>
            <column name="description" order="130">
                <widget type="select" fieldname="description" translate="true" required="true">
                    <values title="only-description-pack">0</values>
                    <values title="only-description-items">1</values>
                    <values title="pack-and-detail-items">2</values>
                </widget>
            </column>
            <column name="price-policy" order="140">
                <widget type="select" fieldname="pricepolicy" translate="true" required="true">
                    <values title="product-price">0</values>
                    <values title="items-price-sum">1</values>
                </widget>
            </column>
        </group>
    </columns>

    <rows>
        <row type="actions">
            <button type="js" label='help' color="primary" action="$('#footer-help-settings').toggle()" icon="fa-solid fa-question-circle" />
        </row>
        <row type="footer">
            <group name="help" id="footer-help-settings" class="collapse" html="Block/ProductPackSettingsInfo.html.twig" />
        </row>
    </rows>
</view>
