<?xml version="1.0" encoding="UTF-8"?>
<!--
 * This file is part of ProductoPack plugin for FacturaScripts.
 * FacturaScripts Copyright (C) 2015-2025 Carlos Garcia Gomez <carlos@facturascripts.com>
 * ProductoPack   Copyright (C) 2019-2025 Jose Antonio Cuello Principal <yopli2000@gmail.com>
 *
 * This program and its files are under the terms of the license specified in the LICENSE file.
-->
<view>
    <columns>
        <group name="main">
            <column name="code" display="none" order="100">
                <widget type="text" fieldname="id" readonly="true" />
            </column>
            <column name="iddocline" display="none" order="100">
                <widget type="text" fieldname="iddocline" readonly="true" />
            </column>
            <column name="idpack" title="pack" numcolumns="3" order="100">
                <widget type="autocomplete" fieldname="idpack" required="true" readonly="dinamic">
                    <values source="productopack_pack" fieldcode="id" fieldtitle="name"/>
                </widget>
            </column>
            <column name="idpackline" display="none" order="100">
                <widget type="text" fieldname="idpackline" readonly="true" />
            </column>
            <column name="modelname" display="none" order="100">
                <widget type="text" fieldname="modelname" readonly="true" />
            </column>
            <column name="product-code" display="none" order="100">
                <widget type="text" fieldname="idproduct" readonly="true" />
            </column>
            <column name="prepareinfo" title="group" numcolumns="2" order="110">
                <widget type="text" fieldname="prepareinfo" readonly="true" />
            </column>
            <column name="reference" title="variant" numcolumns="2" order="120">
                <widget type="text" fieldname="reference" readonly="true" required="true" />
            </column>
            <column name="preparemin" title="prepare-min-pct" numcolumns="2" order="130">
                <widget type="number" fieldname="preparemin" min="0" max="100" required="true" />
            </column>
            <column name="required" numcolumns="1" order="140">
                <widget type="select" fieldname="required" translate="true" required="true">
                    <values title="no">0</values>
                    <values title="yes">1</values>
                </widget>
            </column>
        </group>
    </columns>
</view>
