<?xml version='1.0' encoding='UTF-8'?>
<!--
    This file is part of Amortizaciones plugin for FacturaScripts.
    FacturaScripts  Copyright (C) 2015-2024 Carlos Garcia Gomez <carlos@facturascripts.com>
    Amortizaciones  Copyright (C) 2023-2024 Jose Antonio Cuello Principal <yopli2000@gmail.com>

    Document   : amortizaciones_plantillas.xml
    Author     : Jose Antonio Cuello Principal <yopli2000@gmail.com>
    Description:
        Structure of the amortization table.
-->

<table>
    <column>
        <name>benefits_subaccount</name>
        <type>character varying(15)</type>
    </column>
    <column>
        <name>closing_subaccount</name>
        <type>character varying(15)</type>
    </column>
    <column>
        <name>credit_subaccount</name>
        <type>character varying(15)</type>
    </column>
    <column>
        <name>debit_subaccount</name>
        <type>character varying(15)</type>
    </column>
    <column>
        <name>id</name>
        <type>serial</type>
        <null>NO</null>
    </column>
    <column>
        <name>loss_subaccount</name>
        <type>character varying(15)</type>
    </column>
    <column>
        <name>name</name>
        <type>text</type>
    </column>
    <column>
        <name>periods</name>
        <type>integer</type>
    </column>
    <constraint>
        <name>amortizaciones_plantillas_pkey</name>
        <type>PRIMARY KEY (id)</type>
    </constraint>
</table>