<?xml version="1.0" encoding="UTF-8"?>
<table>
    <column>
        <name>codproveedor</name>
        <type>character varying(100)</type>
    </column>
    <column>
        <name>description</name>
        <type>text</type>
    </column>
    <column>
        <name>linetotal</name>
        <type>double precision</type>
    </column>
    <column>
        <name>codpago</name>
        <type>character varying(50)</type>
    </column>
    <column>
        <name>user</name>
        <type>character varying(50)</type>
    </column>
    <column>
        <name>creationdate</name>
        <type>date</type>
    </column>
    <column>
        <name>paymentdate</name>
        <type>date</type>
    </column>
    <column>
        <name>idcpago</name>
        <type>serial</type>
        <null>NO</null>
    </column>
    <constraint>
        <name>cpagos_pkey</name>
        <type>PRIMARY KEY (idcpago)</type>
    </constraint>
</table>