<?xml version='1.0' encoding='UTF-8'?>
<!--
    This file is part of Ubicaciones plugin for FacturaScripts.
    FacturaScripts Copyright (C) 2015-2025 Carlos Garcia Gomez <carlos@facturascripts.com>
    Ubicaciones    Copyright (C) 2019-2025 Jose Antonio Cuello Principal <yopli2000@gmail.com>

    Document   : locations.xml
    Author     : Jose Antonio Cuello Principal
    Description:
        Structure for the warehouse locations table.
-->
<table>
    <column>
        <name>aisle</name>
        <type>character varying(15)</type>
    </column>
    <column>
        <name>drawer</name>
        <type>character varying(15)</type>
    </column>
    <column>
        <name>codewarehouse</name>
        <type>character varying(4)</type>
    </column>
    <column>
        <name>id</name>
        <type>serial</type>
        <null>NO</null>
    </column>
    <column>
        <name>rack</name>
        <type>character varying(15)</type>
    </column>
    <column>
        <name>shelf</name>
        <type>character varying(15)</type>
    </column>
    <column>
        <name>storagetype</name>
        <type>integer</type>
        <null>NO</null>
        <default>0</default>
    </column>
    <column>
        <name>validationcode</name>
        <type>character varying(13)</type>
    </column>
    <constraint>
        <name>locations_pkey</name>
        <type>PRIMARY KEY (id)</type>
    </constraint>
    <constraint>
        <name>ca_locations_warehouse</name>
        <type>FOREIGN KEY (codewarehouse) REFERENCES almacenes (codalmacen) ON DELETE CASCADE ON UPDATE CASCADE</type>
    </constraint>
    <constraint>
        <name>uniq_locations</name>
        <type>UNIQUE (codewarehouse,storagetype,aisle,rack,shelf,drawer)</type>
    </constraint>
</table>
