<?xml version='1.0' encoding='UTF-8'?>
<!--
    This file is part of Ubicaciones plugin for FacturaScripts.
    FacturaScripts Copyright (C) 2015-2025 Carlos Garcia Gomez <carlos@facturascripts.com>
    Ubicaciones    Copyright (C) 2019-2025 Jose Antonio Cuello Principal <yopli2000@gmail.com>

    Document   : variantslocations.xml
    Author     : Jose Antonio Cuello Principal
    Description:
        Structure for the variants locations table.
-->
<table>
    <column>
        <name>id</name>
        <type>serial</type>
        <null>NO</null>
    </column>
    <column>
        <name>idlocation</name>
        <type>integer</type>
        <null>NO</null>
    </column>
    <column>
        <name>idproduct</name>
        <type>integer</type>
        <null>NO</null>
    </column>
    <column>
        <name>reference</name>
        <type>character varying(30)</type>
        <null>NO</null>
    </column>
    <constraint>
        <name>variantslocations_pkey</name>
        <type>PRIMARY KEY (id)</type>
    </constraint>
    <constraint>
        <name>ca_variantslocations_locations2</name>
        <type>FOREIGN KEY (idlocation) REFERENCES locations (id) ON DELETE CASCADE ON UPDATE CASCADE</type>
    </constraint>
    <constraint>
        <name>ca_variantslocations_products</name>
        <type>FOREIGN KEY (idproduct) REFERENCES productos (idproducto) ON DELETE CASCADE ON UPDATE CASCADE</type>
    </constraint>
    <constraint>
        <name>ca_variantslocations_variants2</name>
        <type>FOREIGN KEY (reference) REFERENCES variantes (referencia) ON DELETE CASCADE ON UPDATE CASCADE</type>
    </constraint>
    <constraint>
        <name>uniq_variantslocations</name>
        <type>UNIQUE (idlocation,reference)</type>
    </constraint>
</table>
