<?xml version="1.0" encoding="UTF-8"?>
<view>
    <columns>
        <group name="data" numcolumns="12" icon="fa-solid fa-calendar" title="Configuración del calendario">
            <column name="name" display="none" order="0">
                <widget type="text" fieldname="name" readonly="true" required="true" />
            </column>
            <column name="Vista inicial" order="100" description="Al cargar el calendario mostrar: dayGridMonth (default), timeGridWeek, timeGridDay">
                <widget type="text" fieldname="initialView" icon="fa-solid fa-eye" />
            </column>
        </group>
    </columns>
</view>