<?xml version="1.0" encoding="UTF-8"?>
<!--
    This file is part of HumanResources plugin for FacturaScripts.
    FacturaScripts  Copyright (C) 2015-2025 Carlos Garcia Gomez <carlos@facturascripts.com>
    HumanResources  Copyright (C) 2018-2025 Jose Antonio Cuello Principal <yopli2000@gmail.com>

    This program and its files are under the terms of the license specified in the LICENSE file.

    Document   : ListAbsenceConcept.xml
    Author     : Jose Antonio Cuello    <yopli2000@gmail.com>
    Description:
        Initial description for the controller ListAbsenceConcept
-->
<view>
    <columns>
        <column name="code" numcolumns="3" order="100">
            <widget type="text" fieldname="id" />
        </column>
        <column name="name" order="110">
            <widget type="text" fieldname="name" />
        </column>
    </columns>
    <rows>
        <row type="status" fieldname="locked">
            <option title="blocked" color="danger">true</option>
        </row>
    </rows>
</view>
