<?xml version="1.0" encoding="UTF-8"?>
<!--
    This file is part of HumanResources plugin for FacturaScripts.
    FacturaScripts  Copyright (C) 2015-2025 Carlos Garcia Gomez <carlos@facturascripts.com>
    HumanResources  Copyright (C) 2018-2025 Jose Antonio Cuello Principal <yopli2000@gmail.com>

    This program and its files are under the terms of the license specified in the LICENSE file.

    Document   : ListEmployeeDocument.xml
    Author     : Jose Antonio Cuello    <yopli2000@gmail.com>
    Description:
        Initial description for the controller ListEmployeeDocument
-->
<view>
    <columns>
        <column name="code" order="100">
            <widget type="text" fieldname="id" />
        </column>
        <column name="employee" order="110">
            <widget type="text" fieldname="employee" />
        </column>
        <column name="type" order="120">
            <widget type="text" fieldname="doctype" />
        </column>
        <column name="note" order="130">
            <widget type="text" fieldname="note" />
        </column>
        <column name="name" order="140">
            <widget type="text" fieldname="filename" />
        </column>
        <column name="expires" order="150">
            <widget type="date" fieldname="expires" />
        </column>
    </columns>
</view>
