<?xml version="1.0" encoding="UTF-8"?>
<!--
 * Copyright (C) 2019-2025 Carlos Garcia Gomez <carlos@facturascripts.com>
 * @author Carlos García Gómez <carlos@facturascripts.com>
-->
<view>
    <columns>
        <column name="code" display="none" order="100">
            <widget type="text" fieldname="id"/>
        </column>
        <column name="name" order="110">
            <widget type="text" fieldname="nombre"/>
        </column>
        <column name="contacts" display="right" order="120">
            <widget type="number" fieldname="numcontactos" decimal="0"/>
        </column>
        <column name="date" display="right" order="130">
            <widget type="date" fieldname="fecha"/>
        </column>
    </columns>
    <rows>
        <row type="status">
            <option color="warning" fieldname="numcontactos" title="empty">0</option>
        </row>
    </rows>
</view>