<?xml version="1.0" encoding="UTF-8"?>
<view>
    <columns>
        <group name="primary-data" numcolumns="12">
            <column name="subaccount" description="account-dot-code" numcolumns="3" order="100">
                <widget type="text" fieldname="codsubcuenta" icon="fa-solid fa-hashtag" maxlength="15" readonly="dinamic"
                        required="true"/>
            </column>
            <column name="description" numcolumns="6" order="110">
                <widget type="text" fieldname="descripcion" maxlength="255" required="true"/>
            </column>
            <column name="fiscal-exercise" numcolumns="3" order="120">
                <widget type="select" fieldname="codejercicio" onclick="EditEjercicio" readonly="dinamic"
                        required="true">
                    <values source="ejercicios" fieldcode="codejercicio" fieldtitle="nombre"/>
                </widget>
            </column>
        </group>
        <group name="secondary-data" numcolumns="12">
            <column name="account" order="100">
                <widget type="select" fieldname="idcuenta" onclick="EditCuenta" parent="codejercicio" required="true">
                    <values source="cuentas" fieldcode="idcuenta" fieldtitle="codcuenta" fieldfilter="codejercicio"/>
                </widget>
            </column>
            <column name="special-account" titleurl="ListCuenta?activetab=ListCuentaEspecial" order="110">
                <widget type="select" fieldname="codcuentaesp" onclick="EditCuentaEspecial">
                    <values source="cuentasesp" fieldcode="codcuentaesp" fieldtitle="descripcion"/>
                </widget>
            </column>
            <column name="debit" order="120">
                <widget type="money" fieldname="debe" readonly="true"/>
            </column>
            <column name="credit" order="130">
                <widget type="money" fieldname="haber" readonly="true"/>
            </column>
            <column name="balance" order="140">
                <widget type="money" fieldname="saldo" readonly="true"/>
            </column>
        </group>
    </columns>
    <modals>
        <group name="ledger" title="ledger" icon="fa-solid fa-book fa-fw">
            <column name="date-from" title="from-date" numcolumns="12">
                <widget type="date" fieldname="dateFrom" required="true"/>
            </column>
            <column name="date-to" title="until-date" numcolumns="12">
                <widget type="date" fieldname="dateTo" required="true"/>
            </column>
            <column name="grouping-type" numcolumns="12">
                <widget type="select" fieldname="groupingtype" translate="true" required="true">
                    <values title="do-not-group">N</values>
                    <values title="group-by-month">M</values>
                </widget>
            </column>
            <column name="channel" numcolumns="12">
                <widget type="number" fieldname="channel"/>
            </column>
            <column name="format" title="format" numcolumns="12">
                <widget type="select" fieldname="format" required="true" translate="true"/>
            </column>
        </group>
    </modals>
</view>