<?xml version="1.0" encoding="UTF-8"?>
<!--
    This file is part of PagosMultiples plugin for FacturaScripts.
    FacturaScripts  Copyright (C) 2015-2025 Carlos Garcia Gomez <carlos@facturascripts.com>
     PagosMultiples Copyright (C) 2018-2025 Jose Antonio Cuello Principal <yopli2000@gmail.com>

    This program and its files are under the terms of the license specified in the LICENSE file.

    Document   : ppmm_customer_bankchecks.xml
    Author     : Jose Antonio Cuello <yopli2000@gmail.com>
    Description:
        Structure for the form of payment of receipts table.
-->
<table>
    <column>
        <name>charged</name>
        <type>date</type>
    </column>

    <column>
        <name>codsubaccount</name>
        <type>character varying(15)</type>
    </column>

    <column>
        <name>delivered</name>
        <type>date</type>
    </column>

    <column>
        <name>expiration</name>
        <type>date</type>
    </column>

    <column>
        <name>id</name>
        <type>serial</type>
        <null>NO</null>
    </column>

    <column>
        <name>idbank</name>
        <type>character varying(10)</type>
    </column>

    <column>
        <name>idcustomer</name>
        <type>character varying(10)</type>
    </column>

    <column>
        <name>identry</name>
        <type>integer</type>
    </column>

    <column>
        <name>idmultiple</name>
        <type>integer</type>
    </column>

    <column>
        <name>name</name>
        <type>character varying(30)</type>
        <null>NO</null>
    </column>

    <column>
        <name>total</name>
        <type>double precision</type>
        <default>0</default>
    </column>

    <constraint>
        <name>ppmm_customer_bankchecks_pkey</name>
        <type>PRIMARY KEY (id)</type>
    </constraint>
    <constraint>
        <name>ca_ppmm_customer_bankchecks_cuentasbanco</name>
        <type>FOREIGN KEY (idbank) REFERENCES cuentasbanco (codcuenta) ON DELETE SET NULL ON UPDATE CASCADE</type>
    </constraint>
    <constraint>
        <name>ca_ppmm_customer_bankchecks_clientes</name>
        <type>FOREIGN KEY (idcustomer) REFERENCES clientes (codcliente) ON DELETE SET NULL ON UPDATE CASCADE</type>
    </constraint>
    <constraint>
        <name>ca_ppmm_customer_bankchecks_entry</name>
        <type>FOREIGN KEY (identry) REFERENCES asientos (idasiento) ON DELETE SET NULL ON UPDATE CASCADE</type>
    </constraint>
    <constraint>
        <name>ca_ppmm_customer_bankchecks_multiple</name>
        <type>FOREIGN KEY (idmultiple) REFERENCES ppmm_customer_receipts (id) ON DELETE RESTRICT ON UPDATE CASCADE</type>
    </constraint>
</table>
