<?xml version="1.0" encoding="UTF-8"?>
<!--
    Document   : stocks_movimientos.xml
    Author     : Carlos Garcia Gomez
    Description:
        Structure for the stocks_movimientos table.
-->
<table>
    <column>
        <name>cantidad</name>
        <type>double precision</type>
        <default>0</default>
    </column>
    <column>
        <name>codalmacen</name>
        <type>character varying(4)</type>
        <null>NO</null>
    </column>
    <column>
        <name>docid</name>
        <type>integer</type>
    </column>
    <column>
        <name>docmodel</name>
        <type>character varying(30)</type>
    </column>
    <column>
        <name>documento</name>
        <type>character varying(100)</type>
    </column>
    <column>
        <name>fecha</name>
        <type>date</type>
    </column>
    <column>
        <name>hora</name>
        <type>time</type>
    </column>
    <column>
        <name>id</name>
        <type>serial</type>
        <null>NO</null>
    </column>
    <column>
        <name>idproducto</name>
        <type>integer</type>
        <null>NO</null>
    </column>
    <column>
        <name>referencia</name>
        <type>character varying(30)</type>
        <null>NO</null>
    </column>
    <column>
        <name>saldo</name>
        <type>double precision</type>
        <default>0.0</default>
    </column>
    <constraint>
        <name>stocks_movimientos_pkey</name>
        <type>PRIMARY KEY (id)</type>
    </constraint>
    <constraint>
        <name>ca_stocks_movimientos_almacenes</name>
        <type>FOREIGN KEY (codalmacen) REFERENCES almacenes (codalmacen) ON DELETE CASCADE ON UPDATE CASCADE</type>
    </constraint>
    <constraint>
        <name>ca_stocks_movimientos_productos</name>
        <type>FOREIGN KEY (idproducto) REFERENCES productos (idproducto) ON DELETE CASCADE ON UPDATE CASCADE</type>
    </constraint>
    <constraint>
        <name>ca_stocks_movimientos_variantes</name>
        <type>FOREIGN KEY (referencia) REFERENCES variantes (referencia) ON DELETE CASCADE ON UPDATE CASCADE</type>
    </constraint>
</table>