<?xml version="1.0" encoding="UTF-8"?>
<!--
 * Copyright (C) 2023-2024 Carlos Garcia Gomez <carlos@facturascripts.com>
 * @author Daniel Fernández Giménez <hola@danielfg.es>
-->
<table>
    <column>
        <name>amount</name>
        <type>double precision</type>
        <null>NO</null>
    </column>
    <column>
        <name>balance</name>
        <type>double precision</type>
    </column>
    <column>
        <name>codcuenta</name>
        <type>character varying(10)</type>
        <null>NO</null>
    </column>
    <column>
        <name>creationdate</name>
        <type>timestamp</type>
        <null>NO</null>
    </column>
    <column>
        <name>date</name>
        <type>date</type>
        <null>NO</null>
    </column>
    <column>
        <name>id</name>
        <type>serial</type>
        <null>NO</null>
    </column>
    <column>
        <name>lastnick</name>
        <type>character varying(50)</type>
    </column>
    <column>
        <name>lastupdate</name>
        <type>timestamp</type>
    </column>
    <column>
        <name>nick</name>
        <type>character varying(50)</type>
    </column>
    <column>
        <name>observations</name>
        <type>text</type>
    </column>
    <column>
        <name>reconciled</name>
        <type>boolean</type>
    </column>
    <constraint>
        <name>cuentasbanco_movimientos_pkey</name>
        <type>PRIMARY KEY (id)</type>
    </constraint>
    <constraint>
        <name>ca_cuentasbanco_movimientos_users_lastnick</name>
        <type>FOREIGN KEY (lastnick) REFERENCES users (nick) ON DELETE SET NULL ON UPDATE CASCADE</type>
    </constraint>
    <constraint>
        <name>ca_cuentasbanco_movimientos_users_nick</name>
        <type>FOREIGN KEY (nick) REFERENCES users (nick) ON DELETE SET NULL ON UPDATE CASCADE</type>
    </constraint>
    <constraint>
        <name>ca_cuentasbanco_movimientos_cuentasbanco</name>
        <type>FOREIGN KEY (codcuenta) REFERENCES cuentasbanco (codcuenta) ON DELETE CASCADE ON UPDATE CASCADE</type>
    </constraint>
</table>