<?xml version="1.0" encoding="UTF-8"?>
<!--
 * Copyright (C) 2019-2023 Carlos Garcia Gomez <carlos@facturascripts.com>
 * Author Carlos Garcia Gomez <carlos@facturascripts.com>
 * Author Daniel Fernández Giménez <hola@danielfg.es>
-->
<view>
    <columns>
        <group name="data" numcolumns="12" valign="bottom">
            <column name="code" display="none" order="100">
                <widget type="text" fieldname="id"/>
            </column>
            <column name="name" numcolumns="2" order="110">
                <widget type="text" fieldname="name" required="true"/>
            </column>
            <column name="api-key" numcolumns="2" order="120">
                <widget type="text" fieldname="apikey" readonly="true"/>
            </column>
            <column name="user" titleurl="ListUser" numcolumns="2" order="130">
                <widget type="select" fieldname="nick" onclick="EditUser" readonly="true" required="true">
                    <values source="users" fieldcode="nick" fieldtitle="nick"/>
                </widget>
            </column>
            <column name="creation-date" numcolumns="2" order="140">
                <widget type="date" fieldname="creationdate" readonly="dinamic"/>
            </column>
            <column name="line-length" numcolumns="2" order="150">
                <widget type="number" fieldname="linelen" readonly="true"/>
            </column>
            <column name="last-activity" numcolumns="2" order="160">
                <widget type="datetime" fieldname="lastactivity" readonly="true"/>
            </column>
        </group>
        <group name="design" title="design" icon="fa-solid fa-palette" numcolumns="12" valign="bottom">
            <column name="font-size" numcolumns="2" order="100">
                <widget type="number" fieldname="font_size" min="1" max="8" step="1" required="true"/>
            </column>
            <column name="title-font-size" numcolumns="2" order="105">
                <widget type="number" fieldname="title_font_size" min="1" max="8" step="1" required="true"/>
            </column>
            <column name="print-comp-shortname" order="110">
                <widget type="checkbox" fieldname="print_comp_shortname"/>
            </column>
            <column name="print-comp-tlf" order="120">
                <widget type="checkbox" fieldname="print_comp_tlf"/>
            </column>
            <column name="print-invoice-receipts" order="130">
                <widget type="checkbox" fieldname="print_invoice_receipts"/>
            </column>
            <column name="print-payment-methods" order="140">
                <widget type="checkbox" fieldname="print_payment_methods"/>
            </column>
            <column name="print-logo" order="150">
                <widget type="checkbox" fieldname="print_stored_logo"/>
            </column>
        </group>
        <group name="header" title="header" icon="fa-solid fa-arrows-up-to-line" numcolumns="6">
            <column name="ticket-head" numcolumns="12" order="100">
                <widget type="textarea" fieldname="head"/>
            </column>
            <column name="header-font-size" title="font-size" order="110">
                <widget type="number" fieldname="head_font_size" min="1" max="8" step="1" required="true"/>
            </column>
        </group>
        <group name="footer" title="footer" icon="fa-solid fa-arrows-down-to-line" numcolumns="6">
            <column name="ticket-footer" numcolumns="12" order="100">
                <widget type="textarea" fieldname="footer"/>
            </column>
            <column name="footer-font-size" title="font-size" order="110">
                <widget type="number" fieldname="footer_font_size" min="1" max="8" step="1" required="true"/>
            </column>
        </group>
        <group name="lines" title="lines" icon="fa-solid fa-list-check" numcolumns="12" valign="bottom">
            <column name="print-lines-reference" order="100">
                <widget type="checkbox" fieldname="print_lines_reference"/>
            </column>
            <column name="print-lines-description" order="110">
                <widget type="checkbox" fieldname="print_lines_description"/>
            </column>
            <column name="print-lines-quantity" order="120">
                <widget type="checkbox" fieldname="print_lines_quantity"/>
            </column>
            <column name="print-lines-price" order="130">
                <widget type="checkbox" fieldname="print_lines_price"/>
            </column>
            <column name="print-lines-price-tax" order="140">
                <widget type="checkbox" fieldname="print_lines_price_tax"/>
            </column>
            <column name="print-lines-discount" order="150">
                <widget type="checkbox" fieldname="print_lines_discount"/>
            </column>
            <column name="print-lines-net" order="160">
                <widget type="checkbox" fieldname="print_lines_net"/>
            </column>
            <column name="print-lines-total" order="170">
                <widget type="checkbox" fieldname="print_lines_total"/>
            </column>
        </group>
    </columns>
</view>