<?xml version="1.0" encoding="UTF-8"?>
<table>
    <column>
        <name>id</name>
        <type>serial</type>
        <null>NO</null>
    </column>
    <column>
        <name>id_requerimiento</name>
        <type>integer</type>
        <null>NO</null>
    </column>
    <column>
        <name>id_registro_factura</name>
        <type>integer</type>
        <null>NO</null>
    </column>
    <column>
        <name>response</name>
        <type>text</type>
    </column>
    <column>
        <name>status</name>
        <type>character varying(50)</type>
    </column>
    <constraint>
        <name>verifactu_requerimientos_lines_pkey</name>
        <type>PRIMARY KEY (id)</type>
    </constraint>
    <constraint>
        <name>ca_verifactu_requerimientos_lines_registro</name>
        <type>FOREIGN KEY (id_registro_factura) REFERENCES verifactu_registros_facturas (id) ON DELETE CASCADE ON UPDATE CASCADE</type>
    </constraint>
    <constraint>
        <name>ca_verifactu_requerimientos_lines_requerimiento</name>
        <type>FOREIGN KEY (id_requerimiento) REFERENCES verifactu_requerimientos (id) ON DELETE CASCADE ON UPDATE CASCADE</type>
    </constraint>
</table>