<?xml version="1.0" encoding="UTF-8"?>
<!--
 * Copyright (C) 2025 Carlos Garcia Gomez <carlos@facturascripts.com>
 * @author Carlos García Gómez <carlos@facturascripts.com>
-->
<view>
    <columns>
        <column name="id" display="none" order="100">
            <widget type="text" fieldname="id" readonly="true"/>
        </column>
        <column name="remittance" order="110">
            <widget type="select" fieldname="idremesa" >
                <values source="remesas_sepa_prov" fieldcode="idremesa" fieldtitle="descripcion"/>
            </widget>
        </column>
        <column name="invoice" order="120">
            <widget type="select" fieldname="idfactura">
                <values source="facturasprov" fieldcode="idfactura" fieldtitle="codigo"/>
            </widget>
        </column>
        <column name="receipt" order="130">
            <widget type="select" fieldname="idrecibo">
                <values source="recibospagosprov" fieldcode="idrecibo" fieldtitle="numero"/>
            </widget>
        </column>
        <column name="creation-date" order="140">
            <widget type="datetime" fieldname="creation_date" required="true"/>
        </column>
        <column name="user" order="150">
            <widget type="select" fieldname="nick" >
                <values source="users" fieldcode="nick" fieldtitle="nick"/>
            </widget>
        </column>
    </columns>
</view>
