<?xml version="1.0" encoding="UTF-8"?>
<!--
 * Copyright (C) 2019-2025 Carlos Garcia Gomez <carlos@facturascripts.com>
 * @author Carlos García Gómez <carlos@facturascripts.com>
-->
<view>
    <columns>
        <column name="id" display="none" order="100">
            <widget type="text" fieldname="idrecibo"/>
        </column>
        <column name="date" display="none" order="110">
            <widget type="date" fieldname="fecha"/>
        </column>
        <column name="invoice" order="120">
            <widget type="autocomplete" fieldname="idfactura" onclick="EditFacturaProveedor" readonly="dinamic">
                <values source="facturasprov" fieldcode="idfactura" fieldtitle="codigo"/>
            </widget>
        </column>
        <column name="receipt" order="130">
            <widget type="autocomplete" fieldname="idrecibo" onclick="EditReciboProveedor" readonly="dinamic">
                <values source="recibospagosprov" fieldcode="idrecibo" fieldtitle="numero"></values>
            </widget>
        </column>
        <column name="supplier" order="140">
            <widget type="autocomplete" fieldname="codproveedor" onclick="EditProveedor">
                <values source="proveedores" fieldcode="codproveedor" fieldtitle="nombre"/>
            </widget>
        </column>
        <column name="observations" order="150">
            <widget type="textarea" fieldname="observaciones"/>
        </column>
        <column name="amount" display="right" order="160">
            <widget type="money" fieldname="importe">
                <option color="danger">lt:0</option>
            </widget>
        </column>
        <column name="payment-method" order="170">
            <widget type="select" fieldname="codpago">
                <values source="formaspago" fieldcode="codpago" fieldtitle="descripcion"/>
            </widget>
        </column>
        <column name="iban" order="180">
            <widget type="text" fieldname="iban"/>
        </column>
        <column name="paid" display="center" order="190">
            <widget type="checkbox" fieldname="pagado"/>
        </column>
        <column name="expiration" display="right" order="200">
            <widget type="date" fieldname="vencimiento"/>
        </column>
    </columns>
    <rows>
        <row type="status">
            <option color="success" fieldname="pagado">1</option>
            <option color="warning" fieldname="iban"></option>
            <option color="warning" fieldname="iban">null:</option>
        </row>
    </rows>
</view>