<?xml version="1.0" encoding="UTF-8"?>
<!--
    This file is part of HumanResources plugin for FacturaScripts.
    FacturaScripts  Copyright (C) 2015-2025 Carlos Garcia Gomez <carlos@facturascripts.com>
    HumanResources  Copyright (C) 2018-2025 Jose Antonio Cuello Principal <yopli2000@gmail.com>

    This program and its files are under the terms of the license specified in the LICENSE file.

    Document   : rrhh_employeesholidaysmax.xml
    Author     : Jose Antonio Cuello    <yopli2000@gmail.com>
    Description:
        Structure for the max holidays for employees/year table.
-->
<table>
    <column>
        <name>applyto</name>
        <type>integer</type>
        <null>NO</null>
    </column>
    <column>
        <name>id</name>
        <type>serial</type>
        <null>NO</null>
    </column>
    <column>
        <name>idemployee</name>
        <type>integer</type>
        <null>NO</null>
    </column>
    <column>
        <name>maxdays</name>
        <type>integer</type>
        <null>NO</null>
        <default>30</default>
    </column>
    <constraint>
        <name>rrhh_employeesholidaysmax_pkey</name>
        <type>PRIMARY KEY (id)</type>
    </constraint>
    <constraint>
        <name>ca_rrhh_employeesholidaysmax_employees</name>
        <type>FOREIGN KEY (idemployee) REFERENCES rrhh_employees (id) ON DELETE CASCADE ON UPDATE CASCADE</type>
    </constraint>
</table>
