<?xml version="1.0" encoding="UTF-8"?>
<!--
    This file is part of HumanResources plugin for FacturaScripts.
    FacturaScripts  Copyright (C) 2015-2025 Carlos Garcia Gomez <carlos@facturascripts.com>
    HumanResources  Copyright (C) 2018-2025 Jose Antonio Cuello Principal <yopli2000@gmail.com>

    This program and its files are under the terms of the license specified in the LICENSE file.

    Document   : rrhh_departments.xml
    Author     : Jose Antonio Cuello    <yopli2000@gmail.com>
    Description:
        Structure for the departments table.
-->
<table>
    <column>
        <name>id</name>
        <type>serial</type>
        <null>NO</null>
    </column>
    <column>
        <name>name</name>
        <type>character varying(100)</type>
        <null>NO</null>
    </column>
    <column>
        <name>note</name>
        <type>text</type>
    </column>
    <constraint>
        <name>rrhh_departments_pkey</name>
        <type>PRIMARY KEY (id)</type>
    </constraint>
</table>
