<?xml version="1.0" encoding="UTF-8"?>
<table>
    <column>
        <name>codcliente</name>
        <type>character varying(12)</type>
        <null>NO</null>
    </column>
    <column>
        <name>creationdate</name>
        <type>timestamp</type>
        <null>NO</null>
    </column>
    <column>
        <name>fechaturno</name>
        <type>timestamp</type>
    </column>
    <column>
        <name>id</name>
        <type>serial</type>
        <null>NO</null>
    </column>
    <column>
        <name>lastnick</name>
        <type>character varying(50)</type>
    </column>
    <column>
        <name>lastupdate</name>
        <type>timestamp</type>
    </column>
    <column>
        <name>name</name>
        <type>character varying(100)</type>
    </column>
    <column>
        <name>nick</name>
        <type>character varying(50)</type>
    </column>
    <column>
        <name>observation</name>
        <type>text</type>
    </column>
    <column>
        <name>status</name>
        <type>character varying(20)</type>
        <null>NO</null>
        <default>'pendiente'</default>
    </column>
    <column>
        <name>cancellation_reason</name>
        <type>text</type>
    </column>
    <column>
        <name>pedido_id</name>
        <type>integer</type>
    </column>
    <column>
        <name>completed_date</name>
        <type>timestamp</type>
    </column>
    <column>
        <name>cancelated_date</name>
        <type>timestamp</type>
    </column>
    <constraint>
        <name>turnos_pkey</name>
        <type>PRIMARY KEY (id)</type>
    </constraint>
    <constraint>
        <name>ca_turnos_users_lastnick</name>
        <type>FOREIGN KEY (lastnick) REFERENCES users (nick) ON DELETE SET NULL ON UPDATE CASCADE</type>
    </constraint>
    <constraint>
        <name>ca_turnos_users_nick</name>
        <type>FOREIGN KEY (nick) REFERENCES users (nick) ON DELETE SET NULL ON UPDATE CASCADE</type>
    </constraint>
    <constraint>
        <name>ca_turnos_pedido_id</name>
        <type>FOREIGN KEY (pedido_id) REFERENCES pedidoscli (idpedido) ON DELETE SET NULL ON UPDATE CASCADE</type>
    </constraint>
</table>
