<?xml version="1.0" encoding="UTF-8"?>
<!--
 * This file is part of FacturaScripts
 * Copyright (C) 2017-2022 Carlos Garcia Gomez <carlos@facturascripts.com>
 *
 * This program is free software: you can redistribute it and/or modify
 * it under the terms of the GNU Lesser General Public License as
 * published by the Free Software Foundation, either version 3 of the
 * License, or (at your option) any later version.
 *
 * This program is distributed in the hope that it will be useful,
 * but WITHOUT ANY WARRANTY; without even the implied warranty of
 * MERCHANTABILITY or FITNESS FOR A PARTICULAR PURPOSE. See the
 * GNU Lesser General Public License for more details.
 *
 * You should have received a copy of the GNU Lesser General Public License
 * along with this program. If not, see <http://www.gnu.org/licenses/>.
 *
 * @author Carlos García Gómez  <carlos@facturascripts.com>
 * @author José Antonio Cuello  <yopli2000@gmail.com>
-->
<view>
    <rows>
        <row type="actions">
            <button type="modal" label="new-quantity" color="warning" action="change-stock" icon="fa-solid fa-pen"/>
        </row>
    </rows>

    <modals>
        <group name="change-stock" title="stock" icon="fa-solid fa-dolly fa-fw">
            <column name="new-quantity" numcolumns="12" description="new-quantity-description">
                <widget type="number" fieldname="mov-quantity" required="true"/>
            </column>
            <column name="reason-for-change" numcolumns="12">
                <widget type="text" fieldname="mov-description" required="true"/>
            </column>
        </group>
    </modals>
</view>