<?xml version="1.0" encoding="UTF-8"?>
<!--
    Document   : stocks_lineasconteos.xml
    Author     : Carlos Garcia Gomez
    Description:
        Structure for the stocks_lineasconteos table.
-->
<table>
    <column>
        <name>cantidad</name>
        <type>float</type>
        <null>NO</null>
    </column>
    <column>
        <name>fecha</name>
        <type>timestamp</type>
    </column>
    <column>
        <name>idlinea</name>
        <type>serial</type>
        <null>NO</null>
    </column>
    <column>
        <name>idproducto</name>
        <type>integer</type>
        <null>NO</null>
    </column>
    <column>
        <name>idconteo</name>
        <type>integer</type>
        <null>NO</null>
    </column>
    <column>
        <name>nick</name>
        <type>character varying(50)</type>
    </column>
    <column>
        <name>referencia</name>
        <type>character varying(30)</type>
        <null>NO</null>
    </column>
    <constraint>
        <name>stocks_lineasconteos_pkey</name>
        <type>PRIMARY KEY (idlinea)</type>
    </constraint>
    <constraint>
        <name>ca_stocks_lineasconteos_productos</name>
        <type>FOREIGN KEY (idproducto) REFERENCES productos (idproducto) ON DELETE CASCADE ON UPDATE CASCADE</type>
    </constraint>
    <constraint>
        <name>ca_stocks_lineasconteos_conteo</name>
        <type>FOREIGN KEY (idconteo) REFERENCES stocks_conteos (idconteo) ON DELETE CASCADE ON UPDATE CASCADE</type>
    </constraint>
    <constraint>
        <name>ca_stocks_lineasconteos_variantes</name>
        <type>FOREIGN KEY (referencia) REFERENCES variantes (referencia) ON DELETE CASCADE ON UPDATE CASCADE</type>
    </constraint>
    <constraint>
        <name>ca_stocks_lineasconteos_users</name>
        <type>FOREIGN KEY (nick) REFERENCES users (nick) ON DELETE SET NULL ON UPDATE CASCADE</type>
    </constraint>
</table>