<?xml version="1.0" encoding="UTF-8"?>
<!--
    Document   : stocks_lineastransferencias.xml
    Author     : Carlos Garcia Gomez
    Description:
        Structure for the stocks_lineastransferencias table.
-->
<table>
    <column>
        <name>cantidad</name>
        <type>float</type>
        <null>NO</null>
    </column>
    <column>
        <name>idlinea</name>
        <type>serial</type>
        <null>NO</null>
    </column>
    <column>
        <name>idproducto</name>
        <type>integer</type>
        <null>NO</null>
    </column>
    <column>
        <name>idtrans</name>
        <type>integer</type>
        <null>NO</null>
    </column>
    <column>
        <name>fecha</name>
        <type>timestamp</type>
    </column>
    <column>
        <name>nick</name>
        <type>character varying(50)</type>
    </column>
    <column>
        <name>referencia</name>
        <type>character varying(30)</type>
    </column>
    <constraint>
        <name>stocks_lineastransferencias_pkey</name>
        <type>PRIMARY KEY (idlinea)</type>
    </constraint>
    <constraint>
        <name>ca_stocks_lineastransferencias_productos</name>
        <type>FOREIGN KEY (idproducto) REFERENCES productos (idproducto) ON DELETE CASCADE ON UPDATE CASCADE</type>
    </constraint>
    <constraint>
        <name>ca_stocks_lineastransferencias_transferenciasstock</name>
        <type>FOREIGN KEY (idtrans) REFERENCES stocks_transferencias (idtrans) ON DELETE CASCADE ON UPDATE CASCADE</type>
    </constraint>
    <constraint>
        <name>ca_stocks_lineastransferencias_variantes</name>
        <type>FOREIGN KEY (referencia) REFERENCES variantes (referencia) ON DELETE CASCADE ON UPDATE CASCADE</type>
    </constraint>
    <constraint>
        <name>ca_stocks_lineastransferencias_users</name>
        <type>FOREIGN KEY (nick) REFERENCES users (nick) ON DELETE SET NULL ON UPDATE CASCADE</type>
    </constraint>
</table>
