<?xml version="1.0" encoding="UTF-8"?>
<!--
    This file is part of the DocumentosRecurrentes plugin for FacturaScripts.
    FacturaScripts         Copyright (C) 2015-2025 Carlos Garcia Gomez <carlos@facturascripts.com>
    DocumentosRecurrentes  Copyright (C) 2020-2025 Jose Antonio Cuello Principal <yopli2000@gmail.com>

    Document   : ListFacturaCliente.xml
    Author     : Jose Antonio Cuello    <yopli2000@gmail.com>
    Description:
        Add make recurring modal.
-->
<view>
    <modals>
        <group name="make-recurring" title="doc-to-recurring" icon="fa-solid fa-recycle">
            <column name="each" numcolumns="4" order="200">
                <widget type="number" decimal="0" min="1" fieldname="termunits" required="true" />
            </column>
            <column name="term-type" numcolumns="8" order="210">
                <widget type="select" fieldname="termtype" required="true" translate="true">
                    <values title="months">3</values>
                    <values title="weeks">2</values>
                    <values title="days">1</values>
                    <values title="manual">99</values>
                </widget>
            </column>
            <column name="confirm" title="make-recurring-confirm" numcolumns="12" order="100">
                <widget type="checkbox" fieldname="makeConfirm" required="true" />
            </column>
        </group>
    </modals>
</view>
