<?xml version="1.0" encoding="UTF-8"?>
<!--
    Document   : reports.xml
    Author     : Carlos Garcia Gomez
    Description:
        Structure for the reports table.
-->
<table>
    <column>
        <name>compared</name>
        <type>integer</type>
    </column>
    <column>
        <name>creationdate</name>
        <type>timestamp</type>
    </column>
    <column>
        <name>id</name>
        <type>serial</type>
        <null>NO</null>
    </column>
    <column>
        <name>name</name>
        <type>character varying(100)</type>
        <null>NO</null>
    </column>
    <column>
        <name>table</name>
        <type>character varying(100)</type>
        <null>NO</null>
    </column>
    <column>
        <name>tag</name>
        <type>character varying(100)</type>
    </column>
    <column>
        <name>type</name>
        <type>character varying(10)</type>
        <null>NO</null>
    </column>
    <column>
        <name>xcolumn</name>
        <type>character varying(100)</type>
    </column>
    <column>
        <name>xoperation</name>
        <type>character varying(100)</type>
    </column>
    <column>
        <name>ycolumn</name>
        <type>character varying(100)</type>
    </column>
    <column>
        <name>yoperation</name>
        <type>character varying(100)</type>
    </column>
    <constraint>
        <name>reports_pkey</name>
        <type>PRIMARY KEY (id)</type>
    </constraint>
</table>