<?xml version="1.0" encoding="UTF-8"?>
<!--
   This file is part of Modelo347 plugin for FacturaScripts
   Copyright (C) 2017-2025 Carlos Garcia Gomez <carlos@facturascripts.com>

   This program is free software: you can redistribute it and/or modify
   it under the terms of the GNU Lesser General Public License as
   published by the Free Software Foundation, either version 3 of the
   License, or (at your option) any later version.

   This program is distributed in the hope that it will be useful,
   but WITHOUT ANY WARRANTY; without even the implied warranty of
   MERCHANTABILITY or FITNESS FOR A PARTICULAR PURPOSE. See the
   GNU Lesser General Public License for more details.

   You should have received a copy of the GNU Lesser General Public License
   along with this program. If not, see <http://www.gnu.org/licenses/>.

    Document   : proveedores.xml
    Author     : Dainier Rojas Jimenez  <danredjim@gmail.com>
    Description:
        Add fields to basic structure of proveedores table.
        - excluir347: indicates if the document should be excluded from 347.
-->
<table>
    <column>
        <name>excluir347</name>
        <type>boolean</type>
        <default>false</default>
    </column>
</table>