<?xml version="1.0" encoding="UTF-8"?>
<view>
    <columns>
        <group name="nombreGrupo" numcolumns="12" valign="bottom">
            <column name="idfichajes" order="100" display="none">
                <widget type="text" fieldname="idfichajes"/>
            </column>
            <column name="fecha"  title="Fecha" numcolumns="2" order="100" display="center">
                <widget type="date" fieldname="fecha" required="false" readonly="dinamic"/>
            </column>
             <column name="usuario" title="Usuario" numcolumns="3" order="100" display="1">
                <widget type="autocomplete" fieldname="usuario" required="1" readonly="dinamic">
                    <values source="users" fieldcode="nick" fieldtitle="nick"/>
                </widget>
            </column>
            <column name="entrada"  title="Entrada" numcolumns="2" order="110" display="center">
                <widget type="time" fieldname="entrada" step="60" required="true" readonly="dinamic"/>
            </column>
            <column name="salida"  title="Salida" numcolumns="2" order="120" display="center">
                <widget type="time" fieldname="salida" step="60" required="false" readonly="dinamic"/>
            </column>
            <column name="codagente" title="Agente" numcolumns="3" order="140" display="1">
                <widget type="autocomplete" fieldname="codagente" required="" readonly="dinamic">
                    <values source="agentes" fieldcode="codagente" fieldtitle="nombre"/>
                </widget>
            </column>
            <column name="horas"  title="Horas" numcolumns="2" order="150" display="center">
                <widget type="double precision" fieldname="horas" required="false" readonly="dinamic"/>
            </column>
            <column name="coordenadas_entrada"  title="Coordenadas entrada" order="160" display="center">
                <widget type="character varying(100)" fieldname="coordenadas_entrada" readonly="true"/>
            </column>
            <column name="coordenadas_salida"  title="Coordenadas salida" order="170" display="center">
                <widget type="character varying(100)" fieldname="coordenadas_salida" readonly="true"/>
            </column>
            <column name="tipo"  title="Tipo" numcolumns="2" order="140" display="center">
                <widget type="character varying(100)" fieldname="tipo" required="true" readonly="dinamic"/>
            </column>
            <column name="motivo"  title="Motivo" numcolumns="12" order="200" display="center">
                <widget type="textarea" fieldname="motivo" required="false"/>
            </column>

        </group>
    </columns>
<modals>
    <group name="data-modal">
    </group>
</modals>
</view>
