<?xml version="1.0" encoding="UTF-8"?>
<view>
    <modals>
        <group name="ProductosModMasiva" title="ProductosModMasiva" icon="fa-solid fa-edit">
            <column name="type" description="field-and-mass-update-method" numcolumns='12' translate="true">
                <widget type="select" fieldname="ModMasivaProdTipo" id="ModMasivaProdTipo" translate="true" required="true">
                    <values title="">Seleccione</values>
                    <values title="allow-sale-without-stock">ventasinstock</values>
                    <values title="locked">bloqueado</values>
                    <values title="no-stock">nostock</values>
                    <values title="public">publico</values>
                    <values title="for-purchase">secompra</values>
                    <values title="for-sale">sevende</values>
                </widget>
            </column>
            <column name="change-to" id="ColMarcar" description="mark-unmark" numcolumns='12' translate="true">
                <widget type="select" fieldname="marcar" id="marcar" translate="true" required="true">
                    <values title="">Seleccione</values>
                    <values title="Marcado">1</values>
                    <values title="Desmarcado">0</values>
                </widget>
            </column>
            <column name="query" display="none" order="140">
                <widget type="text" fieldname="ProductosModMasivaquery" value="" />
            </column>
            <column name="filterstatus" display="none" order="140">
                <widget type="text" fieldname="ProductosModMasivafilterstatus" value="" />
            </column>
            <column name="filtercodfabricante" display="none" order="140">
                <widget type="text" fieldname="ProductosModMasivafiltercodfabricante" value="" />
            </column>
            <column name="filtercodfamilia" display="none" order="140">
                <widget type="text" fieldname="ProductosModMasivafiltercodfamilia" value="" />
            </column>
            <column name="filtertipo" display="none" order="140">
                <widget type="text" fieldname="ProductosModMasivafiltertipo" value="" />
            </column>
            <column name="filtercodimpuesto" display="none" order="140">
                <widget type="text" fieldname="ProductosModMasivafiltercodimpuesto" value="" />
            </column>
            <column name="filterexcepcioniva" display="none" order="140">
                <widget type="text" fieldname="ProductosModMasivafilterexcepcioniva" value="" />
            </column>
            <column name="filtermin-price" display="none" order="140">
                <widget type="text" fieldname="ProductosModMasivafiltermin-price" value="" />
            </column>
            <column name="filtermax-price" display="none" order="140">
                <widget type="text" fieldname="ProductosModMasivafiltermax-price" value="" />
            </column>
            <column name="filtermax-stock" display="none" order="140">
                <widget type="text" fieldname="ProductosModMasivafiltermax-stock" value="" />
            </column>
            <column name="filtermin-stock" display="none" order="140">
                <widget type="text" fieldname="ProductosModMasivafiltermin-stock" value="" />
            </column>
            <column name="filternostock" display="none" order="140">
                <widget type="text" fieldname="ProductosModMasivafilternostock" value="" />
            </column>
            <column name="filterventasinstock" display="none" order="140">
                <widget type="text" fieldname="ProductosModMasivafilterventasinstock" value="" />
            </column>
            <column name="filtersecompra" display="none" order="140">
                <widget type="text" fieldname="ProductosModMasivafiltersecompra" value="" />
            </column>
            <column name="filtersevende" display="none" order="140">
                <widget type="text" fieldname="ProductosModMasivafiltersevende" value="" />
            </column>
            <column name="filterpublico" display="none" order="140">
                <widget type="text" fieldname="ProductosModMasivafilterpublico" value="" />
            </column>
            <column name="Total Productos que serán modificados" description="Los cambios se aplicarán en todos estos productos" display="center" order="140" numcolumns="12">
                <widget type="text" fieldname="AplicarA" value="" readonly="true" />
            </column>
            <column name="adv-mod-masiva-prod" display="center" order="140">
                <widget type="checkbox" fieldname="confirm" value="false" required="true"/>
            </column>
        </group>
    </modals>
</view>
