<?xml version="1.0" encoding="UTF-8"?>
<!--
 * Copyright (C) 2019-2022 Carlos Garcia Gomez <carlos@facturascripts.com>
 * Author Carlos Garcia Gomez <carlos@facturascripts.com>
-->
<view>
    <columns>
        <column name="user" order="100">
            <widget type="text" fieldname="nick"/>
        </column>
        <column name="printer" order="110">
            <widget type="select" fieldname="idprinter">
                <values source="tickets_printers" fieldcode="id" fieldtitle="name"/>
            </widget>
        </column>
        <column name="title" order="120">
            <widget type="text" fieldname="title"/>
        </column>
        <column name="printed" order="130">
            <widget type="checkbox" fieldname="printed"/>
        </column>
        <column name="print-delay" display="right" order="140">
            <widget type="number" fieldname="printdelay" decimal="0"/>
        </column>
        <column name="creation-date" display="right" order="150">
            <widget type="datetime" fieldname="creationdate"/>
        </column>
    </columns>
    <rows>
        <row type="status">
            <option color="success" fieldname="printed" title="completed">1</option>
            <option color="warning" fieldname="printed" title="pending">0</option>
        </row>
    </rows>
</view>