<?xml version="1.0" encoding="UTF-8"?>
<!--
 * This file is part of FacturaScripts
 * Copyright (C) 2017-2025 Carlos Garcia Gomez <carlos@facturascripts.com>
 *
 * This program is free software: you can redistribute it and/or modify
 * it under the terms of the GNU Lesser General Public License as
 * published by the Free Software Foundation, either version 3 of the
 * License, or (at your option) any later version.
 *
 * This program is distributed in the hope that it will be useful,
 * but WITHOUT ANY WARRANTY; without even the implied warranty of
 * MERCHANTABILITY or FITNESS FOR A PARTICULAR PURPOSE. See the
 * GNU Lesser General Public License for more details.
 *
 * You should have received a copy of the GNU Lesser General Public License
 * along with this program. If not, see <http://www.gnu.org/licenses/>.
 *
 * @author Dainier Rojas Jiménez  <danredjim.com>
-->
<view>
    <columns>       
        <group name="comercial" title="commercial-terms" numcolumns="12">           
            <column name="exclude-347" order="205" numcolumns="2">
                <widget type="select" fieldname="excluir347" translate="true" required="true">                
                    <values title="no">0</values>
                    <values title="yes">1</values>
                </widget>
            </column>
        </group>       
    </columns>
</view>