<?xml version="1.0" encoding="UTF-8"?>
<view>
    <columns>
        <column name="id" display="none" order="100">
            <widget type="text" fieldname="id"/>
        </column>
        <column name="exercise" order="110">
            <widget type="text" fieldname="get_exercise"/>
        </column>
        <column name="invoice" order="120">
            <widget type="text" fieldname="get_invoice"/>
        </column>
        <column name="event" order="130">
            <widget type="select" fieldname="id_registro_factura">
                <values source="verifactu_registros_facturas" fieldcode="id" fieldtitle="event"/>
            </widget>
        </column>
        <column name="creation-date" order="130">
            <widget type="select" fieldname="id_registro_factura">
                <values source="verifactu_registros_facturas" fieldcode="id" fieldtitle="creation_date"/>
            </widget>
        </column>
        <column name="status" order="140">
            <widget type="text" fieldname="status"/>
        </column>
        <column name="response" order="150">
            <widget type="textarea" fieldname="response"/>
        </column>
    </columns>
</view>