<?xml version="1.0" encoding="UTF-8"?>
<view>
    <columns>
        <column name="idfichajes" order="100" display="none">
            <widget type="text" fieldname="idfichajes"/>
        </column>
        <column name="usuario"  title="Usuario" numcolumns="3" order="100" display="1">
                <widget type="autocomplete" fieldname="usuario" required="1">
                    <values source="users" fieldcode="nick" fieldtitle="nick"/>
                </widget>
        </column>
        <column name="codagente" title="Agente" numcolumns="3" order="110" display="1">
                <widget type="autocomplete" fieldname="codagente" required="" >
                    <values source="agentes" fieldcode="codagente" fieldtitle="nombre"/>
                </widget>
        </column>
        <column name="cifnif" title="NIF" numcolumns="3" order="120" display='right'>
            <widget type="select" fieldname="cifnif">
            </widget>
        </column>
        <column name="fecha"  title="Fecha" order="130" display="center">
            <widget type="date" fieldname="fecha" />
        </column>
        <column name="entrada"  title="Entrada" order="140" display="center">
            <widget type="time" fieldname="entrada" step="60"/>
        </column>
        <column name="salida"  title="Salida" order="150" display="center">
            <widget type="time" fieldname="salida" step="60"/>
        </column>
        <column name="horas"  title="Horas" order="160" display="center">
            <widget type="double precision" fieldname="horas" />
        </column>
        <column name="motivo"  title="Motivo" order="170" display="center">
            <widget type="textarea" fieldname="motivo" />
        </column>
        <column name="tipo"  title="Tipo" order="180" display="center">
            <widget type="character varying(100)" fieldname="tipo" />
        </column>
       <column name="coordenadas_entrada"  title="Coordenadas entrada" order="190" display="none">
                <widget type="character varying(100)" fieldname="coordenadas_entrada" />
            </column>
        <column name="coordenadas_salida"  title="Coordenadas salida" order="200" display="none">
                <widget type="character varying(100)" fieldname="coordenadas_salida" />
            </column>
    </columns>
</view>
